symbol,row_count,trading_day_count,earliest_date,latest_date,has_history,meets_minimum_history,status,reasons
A,62,62,2026-04-21,2026-07-20,True,False,DEGRADED,INSUFFICIENT_HISTORY:62<252
AAPL,62,62,2026-04-21,2026-07-20,True,False,DEGRADED,INSUFFICIENT_HISTORY:62<252
ABBV,62,62,2026-04-21,2026-07-20,True,False,DEGRADED,INSUFFICIENT_HISTORY:62<252
ABNB,62,62,2026-04-21,2026-07-20,True,False,DEGRADED,INSUFFICIENT_HISTORY:62<252
ABT,62,62,2026-04-21,2026-07-20,True,False,DEGRADED,INSUFFICIENT_HISTORY:62<252
ACGL,62,62,2026-04-21,2026-07-20,True,False,DEGRADED,INSUFFICIENT_HISTORY:62<252
ACN,62,62,2026-04-21,2026-07-20,True,False,DEGRADED,INSUFFICIENT_HISTORY:62<252
ADBE,62,62,2026-04-21,2026-07-20,True,False,DEGRADED,INSUFFICIENT_HISTORY:62<252
ADI,62,62,2026-04-21,2026-07-20,True,False,DEGRADED,INSUFFICIENT_HISTORY:62<252
ADM,62,62,2026-04-21,2026-07-20,True,False,DEGRADED,INSUFFICIENT_HISTORY:62<252
ADP,62,62,2026-04-21,2026-07-20,True,False,DEGRADED,INSUFFICIENT_HISTORY:62<252
ADSK,62,62,2026-04-21,2026-07-20,True,False,DEGRADED,INSUFFICIENT_HISTORY:62<252
AEE,62,62,2026-04-21,2026-07-20,True,False,DEGRADED,INSUFFICIENT_HISTORY:62<252
AEP,62,62,2026-04-21,2026-07-20,True,False,DEGRADED,INSUFFICIENT_HISTORY:62<252
AES,62,62,2026-04-21,2026-07-20,True,False,DEGRADED,INSUFFICIENT_HISTORY:62<252
AFL,62,62,2026-04-21,2026-07-20,True,False,DEGRADED,INSUFFICIENT_HISTORY:62<252
AGG,62,62,2026-04-21,2026-07-20,True,False,DEGRADED,INSUFFICIENT_HISTORY:62<252
AIG,62,62,2026-04-21,2026-07-20,True,False,DEGRADED,INSUFFICIENT_HISTORY:62<252
AIZ,62,62,2026-04-21,2026-07-20,True,False,DEGRADED,INSUFFICIENT_HISTORY:62<252
AJG,62,62,2026-04-21,2026-07-20,True,False,DEGRADED,INSUFFICIENT_HISTORY:62<252
AKAM,62,62,2026-04-21,2026-07-20,True,False,DEGRADED,INSUFFICIENT_HISTORY:62<252
ALAB,62,62,2026-04-21,2026-07-20,True,False,DEGRADED,INSUFFICIENT_HISTORY:62<252
ALB,62,62,2026-04-21,2026-07-20,True,False,DEGRADED,INSUFFICIENT_HISTORY:62<252
ALGN,62,62,2026-04-21,2026-07-20,True,False,DEGRADED,INSUFFICIENT_HISTORY:62<252
ALL,62,62,2026-04-21,2026-07-20,True,False,DEGRADED,INSUFFICIENT_HISTORY:62<252
ALLE,62,62,2026-04-21,2026-07-20,True,False,DEGRADED,INSUFFICIENT_HISTORY:62<252
ALNY,62,62,2026-04-21,2026-07-20,True,False,DEGRADED,INSUFFICIENT_HISTORY:62<252
AMAT,62,62,2026-04-21,2026-07-20,True,False,DEGRADED,INSUFFICIENT_HISTORY:62<252
AMCR,62,62,2026-04-21,2026-07-20,True,False,DEGRADED,INSUFFICIENT_HISTORY:62<252
AMD,62,62,2026-04-21,2026-07-20,True,False,DEGRADED,INSUFFICIENT_HISTORY:62<252
AME,62,62,2026-04-21,2026-07-20,True,False,DEGRADED,INSUFFICIENT_HISTORY:62<252
AMGN,62,62,2026-04-21,2026-07-20,True,False,DEGRADED,INSUFFICIENT_HISTORY:62<252
AMP,62,62,2026-04-21,2026-07-20,True,False,DEGRADED,INSUFFICIENT_HISTORY:62<252
AMT,62,62,2026-04-21,2026-07-20,True,False,DEGRADED,INSUFFICIENT_HISTORY:62<252
AMZN,62,62,2026-04-21,2026-07-20,True,False,DEGRADED,INSUFFICIENT_HISTORY:62<252
ANET,62,62,2026-04-21,2026-07-20,True,False,DEGRADED,INSUFFICIENT_HISTORY:62<252
AON,62,62,2026-04-21,2026-07-20,True,False,DEGRADED,INSUFFICIENT_HISTORY:62<252
AOS,62,62,2026-04-21,2026-07-20,True,False,DEGRADED,INSUFFICIENT_HISTORY:62<252
APA,62,62,2026-04-21,2026-07-20,True,False,DEGRADED,INSUFFICIENT_HISTORY:62<252
APD,62,62,2026-04-21,2026-07-20,True,False,DEGRADED,INSUFFICIENT_HISTORY:62<252
APH,62,62,2026-04-21,2026-07-20,True,False,DEGRADED,INSUFFICIENT_HISTORY:62<252
APO,62,62,2026-04-21,2026-07-20,True,False,DEGRADED,INSUFFICIENT_HISTORY:62<252
APP,62,62,2026-04-21,2026-07-20,True,False,DEGRADED,INSUFFICIENT_HISTORY:62<252
APTV,62,62,2026-04-21,2026-07-20,True,False,DEGRADED,INSUFFICIENT_HISTORY:62<252
ARE,62,62,2026-04-21,2026-07-20,True,False,DEGRADED,INSUFFICIENT_HISTORY:62<252
ARES,62,62,2026-04-21,2026-07-20,True,False,DEGRADED,INSUFFICIENT_HISTORY:62<252
ARKK,62,62,2026-04-21,2026-07-20,True,False,DEGRADED,INSUFFICIENT_HISTORY:62<252
ARM,62,62,2026-04-21,2026-07-20,True,False,DEGRADED,INSUFFICIENT_HISTORY:62<252
ASML,62,62,2026-04-21,2026-07-20,True,False,DEGRADED,INSUFFICIENT_HISTORY:62<252
ATO,62,62,2026-04-21,2026-07-20,True,False,DEGRADED,INSUFFICIENT_HISTORY:62<252
AVB,62,62,2026-04-21,2026-07-20,True,False,DEGRADED,INSUFFICIENT_HISTORY:62<252
AVGO,62,62,2026-04-21,2026-07-20,True,False,DEGRADED,INSUFFICIENT_HISTORY:62<252
AVY,62,62,2026-04-21,2026-07-20,True,False,DEGRADED,INSUFFICIENT_HISTORY:62<252
AWK,62,62,2026-04-21,2026-07-20,True,False,DEGRADED,INSUFFICIENT_HISTORY:62<252
AXON,62,62,2026-04-21,2026-07-20,True,False,DEGRADED,INSUFFICIENT_HISTORY:62<252
AXP,62,62,2026-04-21,2026-07-20,True,False,DEGRADED,INSUFFICIENT_HISTORY:62<252
AZO,62,62,2026-04-21,2026-07-20,True,False,DEGRADED,INSUFFICIENT_HISTORY:62<252
BA,62,62,2026-04-21,2026-07-20,True,False,DEGRADED,INSUFFICIENT_HISTORY:62<252
BAC,62,62,2026-04-21,2026-07-20,True,False,DEGRADED,INSUFFICIENT_HISTORY:62<252
BALL,62,62,2026-04-21,2026-07-20,True,False,DEGRADED,INSUFFICIENT_HISTORY:62<252
BAX,62,62,2026-04-21,2026-07-20,True,False,DEGRADED,INSUFFICIENT_HISTORY:62<252
BBY,62,62,2026-04-21,2026-07-20,True,False,DEGRADED,INSUFFICIENT_HISTORY:62<252
BDX,62,62,2026-04-21,2026-07-20,True,False,DEGRADED,INSUFFICIENT_HISTORY:62<252
BEN,62,62,2026-04-21,2026-07-20,True,False,DEGRADED,INSUFFICIENT_HISTORY:62<252
BF.B,0,0,,,False,False,FAILED,NO_PRICE_HISTORY
BG,62,62,2026-04-21,2026-07-20,True,False,DEGRADED,INSUFFICIENT_HISTORY:62<252
BIIB,62,62,2026-04-21,2026-07-20,True,False,DEGRADED,INSUFFICIENT_HISTORY:62<252
BITO,62,62,2026-04-21,2026-07-20,True,False,DEGRADED,INSUFFICIENT_HISTORY:62<252
BKNG,62,62,2026-04-21,2026-07-20,True,False,DEGRADED,INSUFFICIENT_HISTORY:62<252
BKR,62,62,2026-04-21,2026-07-20,True,False,DEGRADED,INSUFFICIENT_HISTORY:62<252
BLDR,62,62,2026-04-21,2026-07-20,True,False,DEGRADED,INSUFFICIENT_HISTORY:62<252
BLK,62,62,2026-04-21,2026-07-20,True,False,DEGRADED,INSUFFICIENT_HISTORY:62<252
BMY,62,62,2026-04-21,2026-07-20,True,False,DEGRADED,INSUFFICIENT_HISTORY:62<252
BND,62,62,2026-04-21,2026-07-20,True,False,DEGRADED,INSUFFICIENT_HISTORY:62<252
BNY,62,62,2026-04-21,2026-07-20,True,False,DEGRADED,INSUFFICIENT_HISTORY:62<252
BR,62,62,2026-04-21,2026-07-20,True,False,DEGRADED,INSUFFICIENT_HISTORY:62<252
BRK.B,0,0,,,False,False,FAILED,NO_PRICE_HISTORY
BRO,62,62,2026-04-21,2026-07-20,True,False,DEGRADED,INSUFFICIENT_HISTORY:62<252
BSX,62,62,2026-04-21,2026-07-20,True,False,DEGRADED,INSUFFICIENT_HISTORY:62<252
BX,62,62,2026-04-21,2026-07-20,True,False,DEGRADED,INSUFFICIENT_HISTORY:62<252
BXP,62,62,2026-04-21,2026-07-20,True,False,DEGRADED,INSUFFICIENT_HISTORY:62<252
C,62,62,2026-04-21,2026-07-20,True,False,DEGRADED,INSUFFICIENT_HISTORY:62<252
CAH,62,62,2026-04-21,2026-07-20,True,False,DEGRADED,INSUFFICIENT_HISTORY:62<252
CARR,62,62,2026-04-21,2026-07-20,True,False,DEGRADED,INSUFFICIENT_HISTORY:62<252
CASY,62,62,2026-04-21,2026-07-20,True,False,DEGRADED,INSUFFICIENT_HISTORY:62<252
CAT,62,62,2026-04-21,2026-07-20,True,False,DEGRADED,INSUFFICIENT_HISTORY:62<252
CB,62,62,2026-04-21,2026-07-20,True,False,DEGRADED,INSUFFICIENT_HISTORY:62<252
CBOE,62,62,2026-04-21,2026-07-20,True,False,DEGRADED,INSUFFICIENT_HISTORY:62<252
CBRE,62,62,2026-04-21,2026-07-20,True,False,DEGRADED,INSUFFICIENT_HISTORY:62<252
CCEP,62,62,2026-04-21,2026-07-20,True,False,DEGRADED,INSUFFICIENT_HISTORY:62<252
CCI,62,62,2026-04-21,2026-07-20,True,False,DEGRADED,INSUFFICIENT_HISTORY:62<252
CCL,62,62,2026-04-21,2026-07-20,True,False,DEGRADED,INSUFFICIENT_HISTORY:62<252
CDNS,62,62,2026-04-21,2026-07-20,True,False,DEGRADED,INSUFFICIENT_HISTORY:62<252
CDW,62,62,2026-04-21,2026-07-20,True,False,DEGRADED,INSUFFICIENT_HISTORY:62<252
CEG,62,62,2026-04-21,2026-07-20,True,False,DEGRADED,INSUFFICIENT_HISTORY:62<252
CF,62,62,2026-04-21,2026-07-20,True,False,DEGRADED,INSUFFICIENT_HISTORY:62<252
CFG,62,62,2026-04-21,2026-07-20,True,False,DEGRADED,INSUFFICIENT_HISTORY:62<252
CHD,62,62,2026-04-21,2026-07-20,True,False,DEGRADED,INSUFFICIENT_HISTORY:62<252
CHRW,62,62,2026-04-21,2026-07-20,True,False,DEGRADED,INSUFFICIENT_HISTORY:62<252
CHTR,62,62,2026-04-21,2026-07-20,True,False,DEGRADED,INSUFFICIENT_HISTORY:62<252
CI,62,62,2026-04-21,2026-07-20,True,False,DEGRADED,INSUFFICIENT_HISTORY:62<252
CIBR,62,62,2026-04-21,2026-07-20,True,False,DEGRADED,INSUFFICIENT_HISTORY:62<252
CIEN,62,62,2026-04-21,2026-07-20,True,False,DEGRADED,INSUFFICIENT_HISTORY:62<252
CINF,62,62,2026-04-21,2026-07-20,True,False,DEGRADED,INSUFFICIENT_HISTORY:62<252
CL,62,62,2026-04-21,2026-07-20,True,False,DEGRADED,INSUFFICIENT_HISTORY:62<252
CLX,62,62,2026-04-21,2026-07-20,True,False,DEGRADED,INSUFFICIENT_HISTORY:62<252
CMCSA,62,62,2026-04-21,2026-07-20,True,False,DEGRADED,INSUFFICIENT_HISTORY:62<252
CME,62,62,2026-04-21,2026-07-20,True,False,DEGRADED,INSUFFICIENT_HISTORY:62<252
CMG,62,62,2026-04-21,2026-07-20,True,False,DEGRADED,INSUFFICIENT_HISTORY:62<252
CMI,62,62,2026-04-21,2026-07-20,True,False,DEGRADED,INSUFFICIENT_HISTORY:62<252
CMS,62,62,2026-04-21,2026-07-20,True,False,DEGRADED,INSUFFICIENT_HISTORY:62<252
CNC,62,62,2026-04-21,2026-07-20,True,False,DEGRADED,INSUFFICIENT_HISTORY:62<252
CNP,62,62,2026-04-21,2026-07-20,True,False,DEGRADED,INSUFFICIENT_HISTORY:62<252
COF,62,62,2026-04-21,2026-07-20,True,False,DEGRADED,INSUFFICIENT_HISTORY:62<252
COHR,62,62,2026-04-21,2026-07-20,True,False,DEGRADED,INSUFFICIENT_HISTORY:62<252
COIN,62,62,2026-04-21,2026-07-20,True,False,DEGRADED,INSUFFICIENT_HISTORY:62<252
COO,62,62,2026-04-21,2026-07-20,True,False,DEGRADED,INSUFFICIENT_HISTORY:62<252
COP,62,62,2026-04-21,2026-07-20,True,False,DEGRADED,INSUFFICIENT_HISTORY:62<252
COR,62,62,2026-04-21,2026-07-20,True,False,DEGRADED,INSUFFICIENT_HISTORY:62<252
COST,62,62,2026-04-21,2026-07-20,True,False,DEGRADED,INSUFFICIENT_HISTORY:62<252
CPAY,62,62,2026-04-21,2026-07-20,True,False,DEGRADED,INSUFFICIENT_HISTORY:62<252
CPRT,62,62,2026-04-21,2026-07-20,True,False,DEGRADED,INSUFFICIENT_HISTORY:62<252
CPT,62,62,2026-04-21,2026-07-20,True,False,DEGRADED,INSUFFICIENT_HISTORY:62<252
CRH,62,62,2026-04-21,2026-07-20,True,False,DEGRADED,INSUFFICIENT_HISTORY:62<252
CRL,62,62,2026-04-21,2026-07-20,True,False,DEGRADED,INSUFFICIENT_HISTORY:62<252
CRM,62,62,2026-04-21,2026-07-20,True,False,DEGRADED,INSUFFICIENT_HISTORY:62<252
CRWD,62,62,2026-04-21,2026-07-20,True,False,DEGRADED,INSUFFICIENT_HISTORY:62<252
CRWV,62,62,2026-04-21,2026-07-20,True,False,DEGRADED,INSUFFICIENT_HISTORY:62<252
CSCO,62,62,2026-04-21,2026-07-20,True,False,DEGRADED,INSUFFICIENT_HISTORY:62<252
CSGP,62,62,2026-04-21,2026-07-20,True,False,DEGRADED,INSUFFICIENT_HISTORY:62<252
CSX,62,62,2026-04-21,2026-07-20,True,False,DEGRADED,INSUFFICIENT_HISTORY:62<252
CTAS,62,62,2026-04-21,2026-07-20,True,False,DEGRADED,INSUFFICIENT_HISTORY:62<252
CTSH,62,62,2026-04-21,2026-07-20,True,False,DEGRADED,INSUFFICIENT_HISTORY:62<252
CTVA,62,62,2026-04-21,2026-07-20,True,False,DEGRADED,INSUFFICIENT_HISTORY:62<252
CVNA,62,62,2026-04-21,2026-07-20,True,False,DEGRADED,INSUFFICIENT_HISTORY:62<252
CVS,62,62,2026-04-21,2026-07-20,True,False,DEGRADED,INSUFFICIENT_HISTORY:62<252
CVX,62,62,2026-04-21,2026-07-20,True,False,DEGRADED,INSUFFICIENT_HISTORY:62<252
D,62,62,2026-04-21,2026-07-20,True,False,DEGRADED,INSUFFICIENT_HISTORY:62<252
DAL,62,62,2026-04-21,2026-07-20,True,False,DEGRADED,INSUFFICIENT_HISTORY:62<252
DASH,62,62,2026-04-21,2026-07-20,True,False,DEGRADED,INSUFFICIENT_HISTORY:62<252
DBA,62,62,2026-04-21,2026-07-20,True,False,DEGRADED,INSUFFICIENT_HISTORY:62<252
DD,62,62,2026-04-21,2026-07-20,True,False,DEGRADED,INSUFFICIENT_HISTORY:62<252
DDOG,62,62,2026-04-21,2026-07-20,True,False,DEGRADED,INSUFFICIENT_HISTORY:62<252
DE,62,62,2026-04-21,2026-07-20,True,False,DEGRADED,INSUFFICIENT_HISTORY:62<252
DECK,62,62,2026-04-21,2026-07-20,True,False,DEGRADED,INSUFFICIENT_HISTORY:62<252
DELL,62,62,2026-04-21,2026-07-20,True,False,DEGRADED,INSUFFICIENT_HISTORY:62<252
DG,62,62,2026-04-21,2026-07-20,True,False,DEGRADED,INSUFFICIENT_HISTORY:62<252
DGX,62,62,2026-04-21,2026-07-20,True,False,DEGRADED,INSUFFICIENT_HISTORY:62<252
DHI,62,62,2026-04-21,2026-07-20,True,False,DEGRADED,INSUFFICIENT_HISTORY:62<252
DHR,62,62,2026-04-21,2026-07-20,True,False,DEGRADED,INSUFFICIENT_HISTORY:62<252
DIA,62,62,2026-04-21,2026-07-20,True,False,DEGRADED,INSUFFICIENT_HISTORY:62<252
DIS,62,62,2026-04-21,2026-07-20,True,False,DEGRADED,INSUFFICIENT_HISTORY:62<252
DLR,62,62,2026-04-21,2026-07-20,True,False,DEGRADED,INSUFFICIENT_HISTORY:62<252
DLTR,62,62,2026-04-21,2026-07-20,True,False,DEGRADED,INSUFFICIENT_HISTORY:62<252
DOC,62,62,2026-04-21,2026-07-20,True,False,DEGRADED,INSUFFICIENT_HISTORY:62<252
DOV,62,62,2026-04-21,2026-07-20,True,False,DEGRADED,INSUFFICIENT_HISTORY:62<252
DOW,62,62,2026-04-21,2026-07-20,True,False,DEGRADED,INSUFFICIENT_HISTORY:62<252
DPZ,62,62,2026-04-21,2026-07-20,True,False,DEGRADED,INSUFFICIENT_HISTORY:62<252
DRI,62,62,2026-04-21,2026-07-20,True,False,DEGRADED,INSUFFICIENT_HISTORY:62<252
DTE,62,62,2026-04-21,2026-07-20,True,False,DEGRADED,INSUFFICIENT_HISTORY:62<252
DUK,62,62,2026-04-21,2026-07-20,True,False,DEGRADED,INSUFFICIENT_HISTORY:62<252
DVA,62,62,2026-04-21,2026-07-20,True,False,DEGRADED,INSUFFICIENT_HISTORY:62<252
DVN,62,62,2026-04-21,2026-07-20,True,False,DEGRADED,INSUFFICIENT_HISTORY:62<252
DXCM,62,62,2026-04-21,2026-07-20,True,False,DEGRADED,INSUFFICIENT_HISTORY:62<252
EA,62,62,2026-04-21,2026-07-20,True,False,DEGRADED,INSUFFICIENT_HISTORY:62<252
EBAY,62,62,2026-04-21,2026-07-20,True,False,DEGRADED,INSUFFICIENT_HISTORY:62<252
ECHO,62,62,2026-04-21,2026-07-20,True,False,DEGRADED,INSUFFICIENT_HISTORY:62<252
ECL,62,62,2026-04-21,2026-07-20,True,False,DEGRADED,INSUFFICIENT_HISTORY:62<252
ED,62,62,2026-04-21,2026-07-20,True,False,DEGRADED,INSUFFICIENT_HISTORY:62<252
EEM,62,62,2026-04-21,2026-07-20,True,False,DEGRADED,INSUFFICIENT_HISTORY:62<252
EFA,62,62,2026-04-21,2026-07-20,True,False,DEGRADED,INSUFFICIENT_HISTORY:62<252
EFX,62,62,2026-04-21,2026-07-20,True,False,DEGRADED,INSUFFICIENT_HISTORY:62<252
EG,62,62,2026-04-21,2026-07-20,True,False,DEGRADED,INSUFFICIENT_HISTORY:62<252
EIX,62,62,2026-04-21,2026-07-20,True,False,DEGRADED,INSUFFICIENT_HISTORY:62<252
EL,62,62,2026-04-21,2026-07-20,True,False,DEGRADED,INSUFFICIENT_HISTORY:62<252
ELV,62,62,2026-04-21,2026-07-20,True,False,DEGRADED,INSUFFICIENT_HISTORY:62<252
EME,62,62,2026-04-21,2026-07-20,True,False,DEGRADED,INSUFFICIENT_HISTORY:62<252
EMR,62,62,2026-04-21,2026-07-20,True,False,DEGRADED,INSUFFICIENT_HISTORY:62<252
EOG,62,62,2026-04-21,2026-07-20,True,False,DEGRADED,INSUFFICIENT_HISTORY:62<252
EQIX,62,62,2026-04-21,2026-07-20,True,False,DEGRADED,INSUFFICIENT_HISTORY:62<252
EQR,62,62,2026-04-21,2026-07-20,True,False,DEGRADED,INSUFFICIENT_HISTORY:62<252
EQT,62,62,2026-04-21,2026-07-20,True,False,DEGRADED,INSUFFICIENT_HISTORY:62<252
ERIE,62,62,2026-04-21,2026-07-20,True,False,DEGRADED,INSUFFICIENT_HISTORY:62<252
ES,62,62,2026-04-21,2026-07-20,True,False,DEGRADED,INSUFFICIENT_HISTORY:62<252
ESS,62,62,2026-04-21,2026-07-20,True,False,DEGRADED,INSUFFICIENT_HISTORY:62<252
ETHA,62,62,2026-04-21,2026-07-20,True,False,DEGRADED,INSUFFICIENT_HISTORY:62<252
ETN,62,62,2026-04-21,2026-07-20,True,False,DEGRADED,INSUFFICIENT_HISTORY:62<252
ETR,62,62,2026-04-21,2026-07-20,True,False,DEGRADED,INSUFFICIENT_HISTORY:62<252
EVRG,62,62,2026-04-21,2026-07-20,True,False,DEGRADED,INSUFFICIENT_HISTORY:62<252
EW,62,62,2026-04-21,2026-07-20,True,False,DEGRADED,INSUFFICIENT_HISTORY:62<252
EWJ,62,62,2026-04-21,2026-07-20,True,False,DEGRADED,INSUFFICIENT_HISTORY:62<252
EWZ,62,62,2026-04-21,2026-07-20,True,False,DEGRADED,INSUFFICIENT_HISTORY:62<252
EXC,62,62,2026-04-21,2026-07-20,True,False,DEGRADED,INSUFFICIENT_HISTORY:62<252
EXE,62,62,2026-04-21,2026-07-20,True,False,DEGRADED,INSUFFICIENT_HISTORY:62<252
EXPD,62,62,2026-04-21,2026-07-20,True,False,DEGRADED,INSUFFICIENT_HISTORY:62<252
EXPE,62,62,2026-04-21,2026-07-20,True,False,DEGRADED,INSUFFICIENT_HISTORY:62<252
EXR,62,62,2026-04-21,2026-07-20,True,False,DEGRADED,INSUFFICIENT_HISTORY:62<252
F,62,62,2026-04-21,2026-07-20,True,False,DEGRADED,INSUFFICIENT_HISTORY:62<252
FANG,62,62,2026-04-21,2026-07-20,True,False,DEGRADED,INSUFFICIENT_HISTORY:62<252
FAST,62,62,2026-04-21,2026-07-20,True,False,DEGRADED,INSUFFICIENT_HISTORY:62<252
FBTC,62,62,2026-04-21,2026-07-20,True,False,DEGRADED,INSUFFICIENT_HISTORY:62<252
FCX,62,62,2026-04-21,2026-07-20,True,False,DEGRADED,INSUFFICIENT_HISTORY:62<252
FDS,62,62,2026-04-21,2026-07-20,True,False,DEGRADED,INSUFFICIENT_HISTORY:62<252
FDX,62,62,2026-04-21,2026-07-20,True,False,DEGRADED,INSUFFICIENT_HISTORY:62<252
FDXF,37,37,2026-05-27,2026-07-20,True,False,DEGRADED,INSUFFICIENT_HISTORY:37<252
FE,62,62,2026-04-21,2026-07-20,True,False,DEGRADED,INSUFFICIENT_HISTORY:62<252
FER,62,62,2026-04-21,2026-07-20,True,False,DEGRADED,INSUFFICIENT_HISTORY:62<252
FFIV,62,62,2026-04-21,2026-07-20,True,False,DEGRADED,INSUFFICIENT_HISTORY:62<252
FICO,62,62,2026-04-21,2026-07-20,True,False,DEGRADED,INSUFFICIENT_HISTORY:62<252
FIS,62,62,2026-04-21,2026-07-20,True,False,DEGRADED,INSUFFICIENT_HISTORY:62<252
FISV,62,62,2026-04-21,2026-07-20,True,False,DEGRADED,INSUFFICIENT_HISTORY:62<252
FITB,62,62,2026-04-21,2026-07-20,True,False,DEGRADED,INSUFFICIENT_HISTORY:62<252
FIX,62,62,2026-04-21,2026-07-20,True,False,DEGRADED,INSUFFICIENT_HISTORY:62<252
FLEX,62,62,2026-04-21,2026-07-20,True,False,DEGRADED,INSUFFICIENT_HISTORY:62<252
FOX,62,62,2026-04-21,2026-07-20,True,False,DEGRADED,INSUFFICIENT_HISTORY:62<252
FOXA,62,62,2026-04-21,2026-07-20,True,False,DEGRADED,INSUFFICIENT_HISTORY:62<252
FRT,62,62,2026-04-21,2026-07-20,True,False,DEGRADED,INSUFFICIENT_HISTORY:62<252
FSLR,62,62,2026-04-21,2026-07-20,True,False,DEGRADED,INSUFFICIENT_HISTORY:62<252
FTNT,62,62,2026-04-21,2026-07-20,True,False,DEGRADED,INSUFFICIENT_HISTORY:62<252
FTV,62,62,2026-04-21,2026-07-20,True,False,DEGRADED,INSUFFICIENT_HISTORY:62<252
FXI,62,62,2026-04-21,2026-07-20,True,False,DEGRADED,INSUFFICIENT_HISTORY:62<252
GD,62,62,2026-04-21,2026-07-20,True,False,DEGRADED,INSUFFICIENT_HISTORY:62<252
GDDY,62,62,2026-04-21,2026-07-20,True,False,DEGRADED,INSUFFICIENT_HISTORY:62<252
GDX,62,62,2026-04-21,2026-07-20,True,False,DEGRADED,INSUFFICIENT_HISTORY:62<252
GDXJ,62,62,2026-04-21,2026-07-20,True,False,DEGRADED,INSUFFICIENT_HISTORY:62<252
GE,62,62,2026-04-21,2026-07-20,True,False,DEGRADED,INSUFFICIENT_HISTORY:62<252
GEHC,62,62,2026-04-21,2026-07-20,True,False,DEGRADED,INSUFFICIENT_HISTORY:62<252
GEN,62,62,2026-04-21,2026-07-20,True,False,DEGRADED,INSUFFICIENT_HISTORY:62<252
GEV,62,62,2026-04-21,2026-07-20,True,False,DEGRADED,INSUFFICIENT_HISTORY:62<252
GILD,62,62,2026-04-21,2026-07-20,True,False,DEGRADED,INSUFFICIENT_HISTORY:62<252
GIS,62,62,2026-04-21,2026-07-20,True,False,DEGRADED,INSUFFICIENT_HISTORY:62<252
GL,62,62,2026-04-21,2026-07-20,True,False,DEGRADED,INSUFFICIENT_HISTORY:62<252
GLD,62,62,2026-04-21,2026-07-20,True,False,DEGRADED,INSUFFICIENT_HISTORY:62<252
GLW,62,62,2026-04-21,2026-07-20,True,False,DEGRADED,INSUFFICIENT_HISTORY:62<252
GM,62,62,2026-04-21,2026-07-20,True,False,DEGRADED,INSUFFICIENT_HISTORY:62<252
GNRC,62,62,2026-04-21,2026-07-20,True,False,DEGRADED,INSUFFICIENT_HISTORY:62<252
GOOG,62,62,2026-04-21,2026-07-20,True,False,DEGRADED,INSUFFICIENT_HISTORY:62<252
GOOGL,62,62,2026-04-21,2026-07-20,True,False,DEGRADED,INSUFFICIENT_HISTORY:62<252
GPC,62,62,2026-04-21,2026-07-20,True,False,DEGRADED,INSUFFICIENT_HISTORY:62<252
GPN,62,62,2026-04-21,2026-07-20,True,False,DEGRADED,INSUFFICIENT_HISTORY:62<252
GRMN,62,62,2026-04-21,2026-07-20,True,False,DEGRADED,INSUFFICIENT_HISTORY:62<252
GS,62,62,2026-04-21,2026-07-20,True,False,DEGRADED,INSUFFICIENT_HISTORY:62<252
GWW,62,62,2026-04-21,2026-07-20,True,False,DEGRADED,INSUFFICIENT_HISTORY:62<252
HACK,62,62,2026-04-21,2026-07-20,True,False,DEGRADED,INSUFFICIENT_HISTORY:62<252
HAL,62,62,2026-04-21,2026-07-20,True,False,DEGRADED,INSUFFICIENT_HISTORY:62<252
HAS,62,62,2026-04-21,2026-07-20,True,False,DEGRADED,INSUFFICIENT_HISTORY:62<252
HBAN,62,62,2026-04-21,2026-07-20,True,False,DEGRADED,INSUFFICIENT_HISTORY:62<252
HCA,62,62,2026-04-21,2026-07-20,True,False,DEGRADED,INSUFFICIENT_HISTORY:62<252
HD,62,62,2026-04-21,2026-07-20,True,False,DEGRADED,INSUFFICIENT_HISTORY:62<252
HIG,62,62,2026-04-21,2026-07-20,True,False,DEGRADED,INSUFFICIENT_HISTORY:62<252
HII,62,62,2026-04-21,2026-07-20,True,False,DEGRADED,INSUFFICIENT_HISTORY:62<252
HLT,62,62,2026-04-21,2026-07-20,True,False,DEGRADED,INSUFFICIENT_HISTORY:62<252
HON,62,62,2026-04-21,2026-07-20,True,False,DEGRADED,INSUFFICIENT_HISTORY:62<252
HONA,24,24,2026-06-15,2026-07-20,True,False,DEGRADED,INSUFFICIENT_HISTORY:24<252
HOOD,62,62,2026-04-21,2026-07-20,True,False,DEGRADED,INSUFFICIENT_HISTORY:62<252
HPE,62,62,2026-04-21,2026-07-20,True,False,DEGRADED,INSUFFICIENT_HISTORY:62<252
HPQ,62,62,2026-04-21,2026-07-20,True,False,DEGRADED,INSUFFICIENT_HISTORY:62<252
HRL,62,62,2026-04-21,2026-07-20,True,False,DEGRADED,INSUFFICIENT_HISTORY:62<252
HSIC,62,62,2026-04-21,2026-07-20,True,False,DEGRADED,INSUFFICIENT_HISTORY:62<252
HST,62,62,2026-04-21,2026-07-20,True,False,DEGRADED,INSUFFICIENT_HISTORY:62<252
HSY,62,62,2026-04-21,2026-07-20,True,False,DEGRADED,INSUFFICIENT_HISTORY:62<252
HUBB,62,62,2026-04-21,2026-07-20,True,False,DEGRADED,INSUFFICIENT_HISTORY:62<252
HUM,62,62,2026-04-21,2026-07-20,True,False,DEGRADED,INSUFFICIENT_HISTORY:62<252
HWM,62,62,2026-04-21,2026-07-20,True,False,DEGRADED,INSUFFICIENT_HISTORY:62<252
HYG,62,62,2026-04-21,2026-07-20,True,False,DEGRADED,INSUFFICIENT_HISTORY:62<252
IAU,62,62,2026-04-21,2026-07-20,True,False,DEGRADED,INSUFFICIENT_HISTORY:62<252
IBB,62,62,2026-04-21,2026-07-20,True,False,DEGRADED,INSUFFICIENT_HISTORY:62<252
IBIT,62,62,2026-04-21,2026-07-20,True,False,DEGRADED,INSUFFICIENT_HISTORY:62<252
IBKR,62,62,2026-04-21,2026-07-20,True,False,DEGRADED,INSUFFICIENT_HISTORY:62<252
IBM,62,62,2026-04-21,2026-07-20,True,False,DEGRADED,INSUFFICIENT_HISTORY:62<252
ICE,62,62,2026-04-21,2026-07-20,True,False,DEGRADED,INSUFFICIENT_HISTORY:62<252
ICLN,62,62,2026-04-21,2026-07-20,True,False,DEGRADED,INSUFFICIENT_HISTORY:62<252
IDXX,62,62,2026-04-21,2026-07-20,True,False,DEGRADED,INSUFFICIENT_HISTORY:62<252
IEF,62,62,2026-04-21,2026-07-20,True,False,DEGRADED,INSUFFICIENT_HISTORY:62<252
IEX,62,62,2026-04-21,2026-07-20,True,False,DEGRADED,INSUFFICIENT_HISTORY:62<252
IFF,62,62,2026-04-21,2026-07-20,True,False,DEGRADED,INSUFFICIENT_HISTORY:62<252
IGV,62,62,2026-04-21,2026-07-20,True,False,DEGRADED,INSUFFICIENT_HISTORY:62<252
IHI,62,62,2026-04-21,2026-07-20,True,False,DEGRADED,INSUFFICIENT_HISTORY:62<252
INCY,62,62,2026-04-21,2026-07-20,True,False,DEGRADED,INSUFFICIENT_HISTORY:62<252
INDA,62,62,2026-04-21,2026-07-20,True,False,DEGRADED,INSUFFICIENT_HISTORY:62<252
INTC,62,62,2026-04-21,2026-07-20,True,False,DEGRADED,INSUFFICIENT_HISTORY:62<252
INTU,62,62,2026-04-21,2026-07-20,True,False,DEGRADED,INSUFFICIENT_HISTORY:62<252
INVH,62,62,2026-04-21,2026-07-20,True,False,DEGRADED,INSUFFICIENT_HISTORY:62<252
IP,62,62,2026-04-21,2026-07-20,True,False,DEGRADED,INSUFFICIENT_HISTORY:62<252
IQV,62,62,2026-04-21,2026-07-20,True,False,DEGRADED,INSUFFICIENT_HISTORY:62<252
IR,62,62,2026-04-21,2026-07-20,True,False,DEGRADED,INSUFFICIENT_HISTORY:62<252
IRM,62,62,2026-04-21,2026-07-20,True,False,DEGRADED,INSUFFICIENT_HISTORY:62<252
ISRG,62,62,2026-04-21,2026-07-20,True,False,DEGRADED,INSUFFICIENT_HISTORY:62<252
IT,62,62,2026-04-21,2026-07-20,True,False,DEGRADED,INSUFFICIENT_HISTORY:62<252
ITB,62,62,2026-04-21,2026-07-20,True,False,DEGRADED,INSUFFICIENT_HISTORY:62<252
ITOT,62,62,2026-04-21,2026-07-20,True,False,DEGRADED,INSUFFICIENT_HISTORY:62<252
ITW,62,62,2026-04-21,2026-07-20,True,False,DEGRADED,INSUFFICIENT_HISTORY:62<252
IVV,62,62,2026-04-21,2026-07-20,True,False,DEGRADED,INSUFFICIENT_HISTORY:62<252
IVZ,62,62,2026-04-21,2026-07-20,True,False,DEGRADED,INSUFFICIENT_HISTORY:62<252
IWD,62,62,2026-04-21,2026-07-20,True,False,DEGRADED,INSUFFICIENT_HISTORY:62<252
IWF,62,62,2026-04-21,2026-07-20,True,False,DEGRADED,INSUFFICIENT_HISTORY:62<252
IWM,62,62,2026-04-21,2026-07-20,True,False,DEGRADED,INSUFFICIENT_HISTORY:62<252
IYR,62,62,2026-04-21,2026-07-20,True,False,DEGRADED,INSUFFICIENT_HISTORY:62<252
J,62,62,2026-04-21,2026-07-20,True,False,DEGRADED,INSUFFICIENT_HISTORY:62<252
JBHT,62,62,2026-04-21,2026-07-20,True,False,DEGRADED,INSUFFICIENT_HISTORY:62<252
JBL,62,62,2026-04-21,2026-07-20,True,False,DEGRADED,INSUFFICIENT_HISTORY:62<252
JCI,62,62,2026-04-21,2026-07-20,True,False,DEGRADED,INSUFFICIENT_HISTORY:62<252
JEPI,62,62,2026-04-21,2026-07-20,True,False,DEGRADED,INSUFFICIENT_HISTORY:62<252
JEPQ,62,62,2026-04-21,2026-07-20,True,False,DEGRADED,INSUFFICIENT_HISTORY:62<252
JETS,62,62,2026-04-21,2026-07-20,True,False,DEGRADED,INSUFFICIENT_HISTORY:62<252
JKHY,62,62,2026-04-21,2026-07-20,True,False,DEGRADED,INSUFFICIENT_HISTORY:62<252
JNJ,62,62,2026-04-21,2026-07-20,True,False,DEGRADED,INSUFFICIENT_HISTORY:62<252
JPM,62,62,2026-04-21,2026-07-20,True,False,DEGRADED,INSUFFICIENT_HISTORY:62<252
KBE,62,62,2026-04-21,2026-07-20,True,False,DEGRADED,INSUFFICIENT_HISTORY:62<252
KDP,62,62,2026-04-21,2026-07-20,True,False,DEGRADED,INSUFFICIENT_HISTORY:62<252
KEY,62,62,2026-04-21,2026-07-20,True,False,DEGRADED,INSUFFICIENT_HISTORY:62<252
KEYS,62,62,2026-04-21,2026-07-20,True,False,DEGRADED,INSUFFICIENT_HISTORY:62<252
KHC,62,62,2026-04-21,2026-07-20,True,False,DEGRADED,INSUFFICIENT_HISTORY:62<252
KIM,62,62,2026-04-21,2026-07-20,True,False,DEGRADED,INSUFFICIENT_HISTORY:62<252
KKR,62,62,2026-04-21,2026-07-20,True,False,DEGRADED,INSUFFICIENT_HISTORY:62<252
KLAC,62,62,2026-04-21,2026-07-20,True,False,DEGRADED,INSUFFICIENT_HISTORY:62<252
KMB,62,62,2026-04-21,2026-07-20,True,False,DEGRADED,INSUFFICIENT_HISTORY:62<252
KMI,62,62,2026-04-21,2026-07-20,True,False,DEGRADED,INSUFFICIENT_HISTORY:62<252
KO,62,62,2026-04-21,2026-07-20,True,False,DEGRADED,INSUFFICIENT_HISTORY:62<252
KR,62,62,2026-04-21,2026-07-20,True,False,DEGRADED,INSUFFICIENT_HISTORY:62<252
KRE,62,62,2026-04-21,2026-07-20,True,False,DEGRADED,INSUFFICIENT_HISTORY:62<252
KVUE,62,62,2026-04-21,2026-07-20,True,False,DEGRADED,INSUFFICIENT_HISTORY:62<252
KWEB,62,62,2026-04-21,2026-07-20,True,False,DEGRADED,INSUFFICIENT_HISTORY:62<252
L,62,62,2026-04-21,2026-07-20,True,False,DEGRADED,INSUFFICIENT_HISTORY:62<252
LDOS,62,62,2026-04-21,2026-07-20,True,False,DEGRADED,INSUFFICIENT_HISTORY:62<252
LEN,62,62,2026-04-21,2026-07-20,True,False,DEGRADED,INSUFFICIENT_HISTORY:62<252
LH,62,62,2026-04-21,2026-07-20,True,False,DEGRADED,INSUFFICIENT_HISTORY:62<252
LHX,62,62,2026-04-21,2026-07-20,True,False,DEGRADED,INSUFFICIENT_HISTORY:62<252
LII,62,62,2026-04-21,2026-07-20,True,False,DEGRADED,INSUFFICIENT_HISTORY:62<252
LIN,62,62,2026-04-21,2026-07-20,True,False,DEGRADED,INSUFFICIENT_HISTORY:62<252
LITE,62,62,2026-04-21,2026-07-20,True,False,DEGRADED,INSUFFICIENT_HISTORY:62<252
LLY,62,62,2026-04-21,2026-07-20,True,False,DEGRADED,INSUFFICIENT_HISTORY:62<252
LMT,62,62,2026-04-21,2026-07-20,True,False,DEGRADED,INSUFFICIENT_HISTORY:62<252
LNT,62,62,2026-04-21,2026-07-20,True,False,DEGRADED,INSUFFICIENT_HISTORY:62<252
LOW,62,62,2026-04-21,2026-07-20,True,False,DEGRADED,INSUFFICIENT_HISTORY:62<252
LQD,62,62,2026-04-21,2026-07-20,True,False,DEGRADED,INSUFFICIENT_HISTORY:62<252
LRCX,62,62,2026-04-21,2026-07-20,True,False,DEGRADED,INSUFFICIENT_HISTORY:62<252
LULU,62,62,2026-04-21,2026-07-20,True,False,DEGRADED,INSUFFICIENT_HISTORY:62<252
LUV,62,62,2026-04-21,2026-07-20,True,False,DEGRADED,INSUFFICIENT_HISTORY:62<252
LVS,62,62,2026-04-21,2026-07-20,True,False,DEGRADED,INSUFFICIENT_HISTORY:62<252
LYB,62,62,2026-04-21,2026-07-20,True,False,DEGRADED,INSUFFICIENT_HISTORY:62<252
LYV,62,62,2026-04-21,2026-07-20,True,False,DEGRADED,INSUFFICIENT_HISTORY:62<252
MA,62,62,2026-04-21,2026-07-20,True,False,DEGRADED,INSUFFICIENT_HISTORY:62<252
MAA,62,62,2026-04-21,2026-07-20,True,False,DEGRADED,INSUFFICIENT_HISTORY:62<252
MAR,62,62,2026-04-21,2026-07-20,True,False,DEGRADED,INSUFFICIENT_HISTORY:62<252
MAS,62,62,2026-04-21,2026-07-20,True,False,DEGRADED,INSUFFICIENT_HISTORY:62<252
MCD,62,62,2026-04-21,2026-07-20,True,False,DEGRADED,INSUFFICIENT_HISTORY:62<252
MCHP,62,62,2026-04-21,2026-07-20,True,False,DEGRADED,INSUFFICIENT_HISTORY:62<252
MCK,62,62,2026-04-21,2026-07-20,True,False,DEGRADED,INSUFFICIENT_HISTORY:62<252
MCO,62,62,2026-04-21,2026-07-20,True,False,DEGRADED,INSUFFICIENT_HISTORY:62<252
MDLZ,62,62,2026-04-21,2026-07-20,True,False,DEGRADED,INSUFFICIENT_HISTORY:62<252
MDT,62,62,2026-04-21,2026-07-20,True,False,DEGRADED,INSUFFICIENT_HISTORY:62<252
MELI,62,62,2026-04-21,2026-07-20,True,False,DEGRADED,INSUFFICIENT_HISTORY:62<252
MET,62,62,2026-04-21,2026-07-20,True,False,DEGRADED,INSUFFICIENT_HISTORY:62<252
META,62,62,2026-04-21,2026-07-20,True,False,DEGRADED,INSUFFICIENT_HISTORY:62<252
MGM,62,62,2026-04-21,2026-07-20,True,False,DEGRADED,INSUFFICIENT_HISTORY:62<252
MKC,62,62,2026-04-21,2026-07-20,True,False,DEGRADED,INSUFFICIENT_HISTORY:62<252
MLM,62,62,2026-04-21,2026-07-20,True,False,DEGRADED,INSUFFICIENT_HISTORY:62<252
MMM,62,62,2026-04-21,2026-07-20,True,False,DEGRADED,INSUFFICIENT_HISTORY:62<252
MNST,62,62,2026-04-21,2026-07-20,True,False,DEGRADED,INSUFFICIENT_HISTORY:62<252
MO,62,62,2026-04-21,2026-07-20,True,False,DEGRADED,INSUFFICIENT_HISTORY:62<252
MOS,62,62,2026-04-21,2026-07-20,True,False,DEGRADED,INSUFFICIENT_HISTORY:62<252
MPC,62,62,2026-04-21,2026-07-20,True,False,DEGRADED,INSUFFICIENT_HISTORY:62<252
MPWR,62,62,2026-04-21,2026-07-20,True,False,DEGRADED,INSUFFICIENT_HISTORY:62<252
MRK,62,62,2026-04-21,2026-07-20,True,False,DEGRADED,INSUFFICIENT_HISTORY:62<252
MRNA,62,62,2026-04-21,2026-07-20,True,False,DEGRADED,INSUFFICIENT_HISTORY:62<252
MRSH,62,62,2026-04-21,2026-07-20,True,False,DEGRADED,INSUFFICIENT_HISTORY:62<252
MRVL,62,62,2026-04-21,2026-07-20,True,False,DEGRADED,INSUFFICIENT_HISTORY:62<252
MS,62,62,2026-04-21,2026-07-20,True,False,DEGRADED,INSUFFICIENT_HISTORY:62<252
MSCI,62,62,2026-04-21,2026-07-20,True,False,DEGRADED,INSUFFICIENT_HISTORY:62<252
MSFT,62,62,2026-04-21,2026-07-20,True,False,DEGRADED,INSUFFICIENT_HISTORY:62<252
MSI,62,62,2026-04-21,2026-07-20,True,False,DEGRADED,INSUFFICIENT_HISTORY:62<252
MSTR,62,62,2026-04-21,2026-07-20,True,False,DEGRADED,INSUFFICIENT_HISTORY:62<252
MTB,62,62,2026-04-21,2026-07-20,True,False,DEGRADED,INSUFFICIENT_HISTORY:62<252
MTD,62,62,2026-04-21,2026-07-20,True,False,DEGRADED,INSUFFICIENT_HISTORY:62<252
MTUM,62,62,2026-04-21,2026-07-20,True,False,DEGRADED,INSUFFICIENT_HISTORY:62<252
MU,62,62,2026-04-21,2026-07-20,True,False,DEGRADED,INSUFFICIENT_HISTORY:62<252
NBIS,62,62,2026-04-21,2026-07-20,True,False,DEGRADED,INSUFFICIENT_HISTORY:62<252
NCLH,62,62,2026-04-21,2026-07-20,True,False,DEGRADED,INSUFFICIENT_HISTORY:62<252
NDAQ,62,62,2026-04-21,2026-07-20,True,False,DEGRADED,INSUFFICIENT_HISTORY:62<252
NDSN,62,62,2026-04-21,2026-07-20,True,False,DEGRADED,INSUFFICIENT_HISTORY:62<252
NEE,62,62,2026-04-21,2026-07-20,True,False,DEGRADED,INSUFFICIENT_HISTORY:62<252
NEM,62,62,2026-04-21,2026-07-20,True,False,DEGRADED,INSUFFICIENT_HISTORY:62<252
NFLX,62,62,2026-04-21,2026-07-20,True,False,DEGRADED,INSUFFICIENT_HISTORY:62<252
NI,62,62,2026-04-21,2026-07-20,True,False,DEGRADED,INSUFFICIENT_HISTORY:62<252
NKE,62,62,2026-04-21,2026-07-20,True,False,DEGRADED,INSUFFICIENT_HISTORY:62<252
NOC,62,62,2026-04-21,2026-07-20,True,False,DEGRADED,INSUFFICIENT_HISTORY:62<252
NOW,62,62,2026-04-21,2026-07-20,True,False,DEGRADED,INSUFFICIENT_HISTORY:62<252
NRG,62,62,2026-04-21,2026-07-20,True,False,DEGRADED,INSUFFICIENT_HISTORY:62<252
NSC,62,62,2026-04-21,2026-07-20,True,False,DEGRADED,INSUFFICIENT_HISTORY:62<252
NTAP,62,62,2026-04-21,2026-07-20,True,False,DEGRADED,INSUFFICIENT_HISTORY:62<252
NTRS,62,62,2026-04-21,2026-07-20,True,False,DEGRADED,INSUFFICIENT_HISTORY:62<252
NUE,62,62,2026-04-21,2026-07-20,True,False,DEGRADED,INSUFFICIENT_HISTORY:62<252
NVDA,62,62,2026-04-21,2026-07-20,True,False,DEGRADED,INSUFFICIENT_HISTORY:62<252
NVR,62,62,2026-04-21,2026-07-20,True,False,DEGRADED,INSUFFICIENT_HISTORY:62<252
NWS,62,62,2026-04-21,2026-07-20,True,False,DEGRADED,INSUFFICIENT_HISTORY:62<252
NWSA,62,62,2026-04-21,2026-07-20,True,False,DEGRADED,INSUFFICIENT_HISTORY:62<252
NXPI,62,62,2026-04-21,2026-07-20,True,False,DEGRADED,INSUFFICIENT_HISTORY:62<252
O,62,62,2026-04-21,2026-07-20,True,False,DEGRADED,INSUFFICIENT_HISTORY:62<252
ODFL,62,62,2026-04-21,2026-07-20,True,False,DEGRADED,INSUFFICIENT_HISTORY:62<252
OIH,62,62,2026-04-21,2026-07-20,True,False,DEGRADED,INSUFFICIENT_HISTORY:62<252
OKE,62,62,2026-04-21,2026-07-20,True,False,DEGRADED,INSUFFICIENT_HISTORY:62<252
OMC,62,62,2026-04-21,2026-07-20,True,False,DEGRADED,INSUFFICIENT_HISTORY:62<252
ON,62,62,2026-04-21,2026-07-20,True,False,DEGRADED,INSUFFICIENT_HISTORY:62<252
ORCL,62,62,2026-04-21,2026-07-20,True,False,DEGRADED,INSUFFICIENT_HISTORY:62<252
ORLY,62,62,2026-04-21,2026-07-20,True,False,DEGRADED,INSUFFICIENT_HISTORY:62<252
OTIS,62,62,2026-04-21,2026-07-20,True,False,DEGRADED,INSUFFICIENT_HISTORY:62<252
OXY,62,62,2026-04-21,2026-07-20,True,False,DEGRADED,INSUFFICIENT_HISTORY:62<252
PANW,62,62,2026-04-21,2026-07-20,True,False,DEGRADED,INSUFFICIENT_HISTORY:62<252
PAYX,62,62,2026-04-21,2026-07-20,True,False,DEGRADED,INSUFFICIENT_HISTORY:62<252
PCAR,62,62,2026-04-21,2026-07-20,True,False,DEGRADED,INSUFFICIENT_HISTORY:62<252
PCG,62,62,2026-04-21,2026-07-20,True,False,DEGRADED,INSUFFICIENT_HISTORY:62<252
PDD,62,62,2026-04-21,2026-07-20,True,False,DEGRADED,INSUFFICIENT_HISTORY:62<252
PEG,62,62,2026-04-21,2026-07-20,True,False,DEGRADED,INSUFFICIENT_HISTORY:62<252
PEP,62,62,2026-04-21,2026-07-20,True,False,DEGRADED,INSUFFICIENT_HISTORY:62<252
PFE,62,62,2026-04-21,2026-07-20,True,False,DEGRADED,INSUFFICIENT_HISTORY:62<252
PFG,62,62,2026-04-21,2026-07-20,True,False,DEGRADED,INSUFFICIENT_HISTORY:62<252
PG,62,62,2026-04-21,2026-07-20,True,False,DEGRADED,INSUFFICIENT_HISTORY:62<252
PGR,62,62,2026-04-21,2026-07-20,True,False,DEGRADED,INSUFFICIENT_HISTORY:62<252
PH,62,62,2026-04-21,2026-07-20,True,False,DEGRADED,INSUFFICIENT_HISTORY:62<252
PHM,62,62,2026-04-21,2026-07-20,True,False,DEGRADED,INSUFFICIENT_HISTORY:62<252
PKG,62,62,2026-04-21,2026-07-20,True,False,DEGRADED,INSUFFICIENT_HISTORY:62<252
PLD,62,62,2026-04-21,2026-07-20,True,False,DEGRADED,INSUFFICIENT_HISTORY:62<252
PLTR,62,62,2026-04-21,2026-07-20,True,False,DEGRADED,INSUFFICIENT_HISTORY:62<252
PM,62,62,2026-04-21,2026-07-20,True,False,DEGRADED,INSUFFICIENT_HISTORY:62<252
PNC,62,62,2026-04-21,2026-07-20,True,False,DEGRADED,INSUFFICIENT_HISTORY:62<252
PNR,62,62,2026-04-21,2026-07-20,True,False,DEGRADED,INSUFFICIENT_HISTORY:62<252
PNW,62,62,2026-04-21,2026-07-20,True,False,DEGRADED,INSUFFICIENT_HISTORY:62<252
PODD,62,62,2026-04-21,2026-07-20,True,False,DEGRADED,INSUFFICIENT_HISTORY:62<252
PPG,62,62,2026-04-21,2026-07-20,True,False,DEGRADED,INSUFFICIENT_HISTORY:62<252
PPL,62,62,2026-04-21,2026-07-20,True,False,DEGRADED,INSUFFICIENT_HISTORY:62<252
PRU,62,62,2026-04-21,2026-07-20,True,False,DEGRADED,INSUFFICIENT_HISTORY:62<252
PSA,62,62,2026-04-21,2026-07-20,True,False,DEGRADED,INSUFFICIENT_HISTORY:62<252
PSKY,62,62,2026-04-21,2026-07-20,True,False,DEGRADED,INSUFFICIENT_HISTORY:62<252
PSX,62,62,2026-04-21,2026-07-20,True,False,DEGRADED,INSUFFICIENT_HISTORY:62<252
PTC,62,62,2026-04-21,2026-07-20,True,False,DEGRADED,INSUFFICIENT_HISTORY:62<252
PWR,62,62,2026-04-21,2026-07-20,True,False,DEGRADED,INSUFFICIENT_HISTORY:62<252
PYPL,62,62,2026-04-21,2026-07-20,True,False,DEGRADED,INSUFFICIENT_HISTORY:62<252
Q,62,62,2026-04-21,2026-07-20,True,False,DEGRADED,INSUFFICIENT_HISTORY:62<252
QCOM,62,62,2026-04-21,2026-07-20,True,False,DEGRADED,INSUFFICIENT_HISTORY:62<252
QQQ,62,62,2026-04-21,2026-07-20,True,False,DEGRADED,INSUFFICIENT_HISTORY:62<252
QQQM,62,62,2026-04-21,2026-07-20,True,False,DEGRADED,INSUFFICIENT_HISTORY:62<252
QUAL,62,62,2026-04-21,2026-07-20,True,False,DEGRADED,INSUFFICIENT_HISTORY:62<252
RCL,62,62,2026-04-21,2026-07-20,True,False,DEGRADED,INSUFFICIENT_HISTORY:62<252
REG,62,62,2026-04-21,2026-07-20,True,False,DEGRADED,INSUFFICIENT_HISTORY:62<252
REGN,62,62,2026-04-21,2026-07-20,True,False,DEGRADED,INSUFFICIENT_HISTORY:62<252
RF,62,62,2026-04-21,2026-07-20,True,False,DEGRADED,INSUFFICIENT_HISTORY:62<252
RJF,62,62,2026-04-21,2026-07-20,True,False,DEGRADED,INSUFFICIENT_HISTORY:62<252
RKLB,62,62,2026-04-21,2026-07-20,True,False,DEGRADED,INSUFFICIENT_HISTORY:62<252
RL,62,62,2026-04-21,2026-07-20,True,False,DEGRADED,INSUFFICIENT_HISTORY:62<252
RMD,62,62,2026-04-21,2026-07-20,True,False,DEGRADED,INSUFFICIENT_HISTORY:62<252
ROK,62,62,2026-04-21,2026-07-20,True,False,DEGRADED,INSUFFICIENT_HISTORY:62<252
ROL,62,62,2026-04-21,2026-07-20,True,False,DEGRADED,INSUFFICIENT_HISTORY:62<252
ROP,62,62,2026-04-21,2026-07-20,True,False,DEGRADED,INSUFFICIENT_HISTORY:62<252
ROST,62,62,2026-04-21,2026-07-20,True,False,DEGRADED,INSUFFICIENT_HISTORY:62<252
RSG,62,62,2026-04-21,2026-07-20,True,False,DEGRADED,INSUFFICIENT_HISTORY:62<252
RSP,62,62,2026-04-21,2026-07-20,True,False,DEGRADED,INSUFFICIENT_HISTORY:62<252
RTX,62,62,2026-04-21,2026-07-20,True,False,DEGRADED,INSUFFICIENT_HISTORY:62<252
RVTY,62,62,2026-04-21,2026-07-20,True,False,DEGRADED,INSUFFICIENT_HISTORY:62<252
SBAC,62,62,2026-04-21,2026-07-20,True,False,DEGRADED,INSUFFICIENT_HISTORY:62<252
SBUX,62,62,2026-04-21,2026-07-20,True,False,DEGRADED,INSUFFICIENT_HISTORY:62<252
SCHB,62,62,2026-04-21,2026-07-20,True,False,DEGRADED,INSUFFICIENT_HISTORY:62<252
SCHD,62,62,2026-04-21,2026-07-20,True,False,DEGRADED,INSUFFICIENT_HISTORY:62<252
SCHW,62,62,2026-04-21,2026-07-20,True,False,DEGRADED,INSUFFICIENT_HISTORY:62<252
SHOP,62,62,2026-04-21,2026-07-20,True,False,DEGRADED,INSUFFICIENT_HISTORY:62<252
SHW,62,62,2026-04-21,2026-07-20,True,False,DEGRADED,INSUFFICIENT_HISTORY:62<252
SHY,62,62,2026-04-21,2026-07-20,True,False,DEGRADED,INSUFFICIENT_HISTORY:62<252
SJM,62,62,2026-04-21,2026-07-20,True,False,DEGRADED,INSUFFICIENT_HISTORY:62<252
SKYY,62,62,2026-04-21,2026-07-20,True,False,DEGRADED,INSUFFICIENT_HISTORY:62<252
SLB,62,62,2026-04-21,2026-07-20,True,False,DEGRADED,INSUFFICIENT_HISTORY:62<252
SLV,62,62,2026-04-21,2026-07-20,True,False,DEGRADED,INSUFFICIENT_HISTORY:62<252
SMCI,62,62,2026-04-21,2026-07-20,True,False,DEGRADED,INSUFFICIENT_HISTORY:62<252
SMH,62,62,2026-04-21,2026-07-20,True,False,DEGRADED,INSUFFICIENT_HISTORY:62<252
SNA,62,62,2026-04-21,2026-07-20,True,False,DEGRADED,INSUFFICIENT_HISTORY:62<252
SNDK,62,62,2026-04-21,2026-07-20,True,False,DEGRADED,INSUFFICIENT_HISTORY:62<252
SNPS,62,62,2026-04-21,2026-07-20,True,False,DEGRADED,INSUFFICIENT_HISTORY:62<252
SO,62,62,2026-04-21,2026-07-20,True,False,DEGRADED,INSUFFICIENT_HISTORY:62<252
SOLV,62,62,2026-04-21,2026-07-20,True,False,DEGRADED,INSUFFICIENT_HISTORY:62<252
SOXX,62,62,2026-04-21,2026-07-20,True,False,DEGRADED,INSUFFICIENT_HISTORY:62<252
SPG,62,62,2026-04-21,2026-07-20,True,False,DEGRADED,INSUFFICIENT_HISTORY:62<252
SPGI,62,62,2026-04-21,2026-07-20,True,False,DEGRADED,INSUFFICIENT_HISTORY:62<252
SPXU,62,62,2026-04-21,2026-07-20,True,False,DEGRADED,INSUFFICIENT_HISTORY:62<252
SPY,62,62,2026-04-21,2026-07-20,True,False,DEGRADED,INSUFFICIENT_HISTORY:62<252
SQQQ,62,62,2026-04-21,2026-07-20,True,False,DEGRADED,INSUFFICIENT_HISTORY:62<252
SRE,62,62,2026-04-21,2026-07-20,True,False,DEGRADED,INSUFFICIENT_HISTORY:62<252
STE,62,62,2026-04-21,2026-07-20,True,False,DEGRADED,INSUFFICIENT_HISTORY:62<252
STLD,62,62,2026-04-21,2026-07-20,True,False,DEGRADED,INSUFFICIENT_HISTORY:62<252
STT,62,62,2026-04-21,2026-07-20,True,False,DEGRADED,INSUFFICIENT_HISTORY:62<252
STX,62,62,2026-04-21,2026-07-20,True,False,DEGRADED,INSUFFICIENT_HISTORY:62<252
STZ,62,62,2026-04-21,2026-07-20,True,False,DEGRADED,INSUFFICIENT_HISTORY:62<252
SW,62,62,2026-04-21,2026-07-20,True,False,DEGRADED,INSUFFICIENT_HISTORY:62<252
SWK,62,62,2026-04-21,2026-07-20,True,False,DEGRADED,INSUFFICIENT_HISTORY:62<252
SWKS,62,62,2026-04-21,2026-07-20,True,False,DEGRADED,INSUFFICIENT_HISTORY:62<252
SYF,62,62,2026-04-21,2026-07-20,True,False,DEGRADED,INSUFFICIENT_HISTORY:62<252
SYK,62,62,2026-04-21,2026-07-20,True,False,DEGRADED,INSUFFICIENT_HISTORY:62<252
SYY,62,62,2026-04-21,2026-07-20,True,False,DEGRADED,INSUFFICIENT_HISTORY:62<252
T,62,62,2026-04-21,2026-07-20,True,False,DEGRADED,INSUFFICIENT_HISTORY:62<252
TAN,62,62,2026-04-21,2026-07-20,True,False,DEGRADED,INSUFFICIENT_HISTORY:62<252
TAP,62,62,2026-04-21,2026-07-20,True,False,DEGRADED,INSUFFICIENT_HISTORY:62<252
TDG,62,62,2026-04-21,2026-07-20,True,False,DEGRADED,INSUFFICIENT_HISTORY:62<252
TDY,62,62,2026-04-21,2026-07-20,True,False,DEGRADED,INSUFFICIENT_HISTORY:62<252
TECH,62,62,2026-04-21,2026-07-20,True,False,DEGRADED,INSUFFICIENT_HISTORY:62<252
TEL,62,62,2026-04-21,2026-07-20,True,False,DEGRADED,INSUFFICIENT_HISTORY:62<252
TER,62,62,2026-04-21,2026-07-20,True,False,DEGRADED,INSUFFICIENT_HISTORY:62<252
TFC,62,62,2026-04-21,2026-07-20,True,False,DEGRADED,INSUFFICIENT_HISTORY:62<252
TGT,62,62,2026-04-21,2026-07-20,True,False,DEGRADED,INSUFFICIENT_HISTORY:62<252
TIP,62,62,2026-04-21,2026-07-20,True,False,DEGRADED,INSUFFICIENT_HISTORY:62<252
TJX,62,62,2026-04-21,2026-07-20,True,False,DEGRADED,INSUFFICIENT_HISTORY:62<252
TKO,62,62,2026-04-21,2026-07-20,True,False,DEGRADED,INSUFFICIENT_HISTORY:62<252
TLT,62,62,2026-04-21,2026-07-20,True,False,DEGRADED,INSUFFICIENT_HISTORY:62<252
TMO,62,62,2026-04-21,2026-07-20,True,False,DEGRADED,INSUFFICIENT_HISTORY:62<252
TMUS,62,62,2026-04-21,2026-07-20,True,False,DEGRADED,INSUFFICIENT_HISTORY:62<252
TPL,62,62,2026-04-21,2026-07-20,True,False,DEGRADED,INSUFFICIENT_HISTORY:62<252
TPR,62,62,2026-04-21,2026-07-20,True,False,DEGRADED,INSUFFICIENT_HISTORY:62<252
TQQQ,62,62,2026-04-21,2026-07-20,True,False,DEGRADED,INSUFFICIENT_HISTORY:62<252
TRGP,62,62,2026-04-21,2026-07-20,True,False,DEGRADED,INSUFFICIENT_HISTORY:62<252
TRI,62,62,2026-04-21,2026-07-20,True,False,DEGRADED,INSUFFICIENT_HISTORY:62<252
TRMB,62,62,2026-04-21,2026-07-20,True,False,DEGRADED,INSUFFICIENT_HISTORY:62<252
TROW,62,62,2026-04-21,2026-07-20,True,False,DEGRADED,INSUFFICIENT_HISTORY:62<252
TRV,62,62,2026-04-21,2026-07-20,True,False,DEGRADED,INSUFFICIENT_HISTORY:62<252
TSCO,62,62,2026-04-21,2026-07-20,True,False,DEGRADED,INSUFFICIENT_HISTORY:62<252
TSLA,62,62,2026-04-21,2026-07-20,True,False,DEGRADED,INSUFFICIENT_HISTORY:62<252
TSN,62,62,2026-04-21,2026-07-20,True,False,DEGRADED,INSUFFICIENT_HISTORY:62<252
TT,62,62,2026-04-21,2026-07-20,True,False,DEGRADED,INSUFFICIENT_HISTORY:62<252
TTD,62,62,2026-04-21,2026-07-20,True,False,DEGRADED,INSUFFICIENT_HISTORY:62<252
TTWO,62,62,2026-04-21,2026-07-20,True,False,DEGRADED,INSUFFICIENT_HISTORY:62<252
TXN,62,62,2026-04-21,2026-07-20,True,False,DEGRADED,INSUFFICIENT_HISTORY:62<252
TXT,62,62,2026-04-21,2026-07-20,True,False,DEGRADED,INSUFFICIENT_HISTORY:62<252
TYL,62,62,2026-04-21,2026-07-20,True,False,DEGRADED,INSUFFICIENT_HISTORY:62<252
UAL,62,62,2026-04-21,2026-07-20,True,False,DEGRADED,INSUFFICIENT_HISTORY:62<252
UBER,62,62,2026-04-21,2026-07-20,True,False,DEGRADED,INSUFFICIENT_HISTORY:62<252
UDR,62,62,2026-04-21,2026-07-20,True,False,DEGRADED,INSUFFICIENT_HISTORY:62<252
UHS,62,62,2026-04-21,2026-07-20,True,False,DEGRADED,INSUFFICIENT_HISTORY:62<252
ULTA,62,62,2026-04-21,2026-07-20,True,False,DEGRADED,INSUFFICIENT_HISTORY:62<252
UNG,62,62,2026-04-21,2026-07-20,True,False,DEGRADED,INSUFFICIENT_HISTORY:62<252
UNH,62,62,2026-04-21,2026-07-20,True,False,DEGRADED,INSUFFICIENT_HISTORY:62<252
UNP,62,62,2026-04-21,2026-07-20,True,False,DEGRADED,INSUFFICIENT_HISTORY:62<252
UPRO,62,62,2026-04-21,2026-07-20,True,False,DEGRADED,INSUFFICIENT_HISTORY:62<252
UPS,62,62,2026-04-21,2026-07-20,True,False,DEGRADED,INSUFFICIENT_HISTORY:62<252
URI,62,62,2026-04-21,2026-07-20,True,False,DEGRADED,INSUFFICIENT_HISTORY:62<252
USB,62,62,2026-04-21,2026-07-20,True,False,DEGRADED,INSUFFICIENT_HISTORY:62<252
USMV,62,62,2026-04-21,2026-07-20,True,False,DEGRADED,INSUFFICIENT_HISTORY:62<252
USO,62,62,2026-04-21,2026-07-20,True,False,DEGRADED,INSUFFICIENT_HISTORY:62<252
UVXY,62,62,2026-04-21,2026-07-20,True,False,DEGRADED,INSUFFICIENT_HISTORY:62<252
V,62,62,2026-04-21,2026-07-20,True,False,DEGRADED,INSUFFICIENT_HISTORY:62<252
VEA,62,62,2026-04-21,2026-07-20,True,False,DEGRADED,INSUFFICIENT_HISTORY:62<252
VEEV,62,62,2026-04-21,2026-07-20,True,False,DEGRADED,INSUFFICIENT_HISTORY:62<252
VICI,62,62,2026-04-21,2026-07-20,True,False,DEGRADED,INSUFFICIENT_HISTORY:62<252
VIG,62,62,2026-04-21,2026-07-20,True,False,DEGRADED,INSUFFICIENT_HISTORY:62<252
VIXY,62,62,2026-04-21,2026-07-20,True,False,DEGRADED,INSUFFICIENT_HISTORY:62<252
VLO,62,62,2026-04-21,2026-07-20,True,False,DEGRADED,INSUFFICIENT_HISTORY:62<252
VLTO,62,62,2026-04-21,2026-07-20,True,False,DEGRADED,INSUFFICIENT_HISTORY:62<252
VLUE,62,62,2026-04-21,2026-07-20,True,False,DEGRADED,INSUFFICIENT_HISTORY:62<252
VMC,62,62,2026-04-21,2026-07-20,True,False,DEGRADED,INSUFFICIENT_HISTORY:62<252
VNQ,62,62,2026-04-21,2026-07-20,True,False,DEGRADED,INSUFFICIENT_HISTORY:62<252
VOO,62,62,2026-04-21,2026-07-20,True,False,DEGRADED,INSUFFICIENT_HISTORY:62<252
VRSK,62,62,2026-04-21,2026-07-20,True,False,DEGRADED,INSUFFICIENT_HISTORY:62<252
VRSN,62,62,2026-04-21,2026-07-20,True,False,DEGRADED,INSUFFICIENT_HISTORY:62<252
VRT,62,62,2026-04-21,2026-07-20,True,False,DEGRADED,INSUFFICIENT_HISTORY:62<252
VRTX,62,62,2026-04-21,2026-07-20,True,False,DEGRADED,INSUFFICIENT_HISTORY:62<252
VST,62,62,2026-04-21,2026-07-20,True,False,DEGRADED,INSUFFICIENT_HISTORY:62<252
VTI,62,62,2026-04-21,2026-07-20,True,False,DEGRADED,INSUFFICIENT_HISTORY:62<252
VTR,62,62,2026-04-21,2026-07-20,True,False,DEGRADED,INSUFFICIENT_HISTORY:62<252
VTRS,62,62,2026-04-21,2026-07-20,True,False,DEGRADED,INSUFFICIENT_HISTORY:62<252
VTV,62,62,2026-04-21,2026-07-20,True,False,DEGRADED,INSUFFICIENT_HISTORY:62<252
VUG,62,62,2026-04-21,2026-07-20,True,False,DEGRADED,INSUFFICIENT_HISTORY:62<252
VWO,62,62,2026-04-21,2026-07-20,True,False,DEGRADED,INSUFFICIENT_HISTORY:62<252
VYM,62,62,2026-04-21,2026-07-20,True,False,DEGRADED,INSUFFICIENT_HISTORY:62<252
VZ,62,62,2026-04-21,2026-07-20,True,False,DEGRADED,INSUFFICIENT_HISTORY:62<252
WAB,62,62,2026-04-21,2026-07-20,True,False,DEGRADED,INSUFFICIENT_HISTORY:62<252
WAT,62,62,2026-04-21,2026-07-20,True,False,DEGRADED,INSUFFICIENT_HISTORY:62<252
WBD,62,62,2026-04-21,2026-07-20,True,False,DEGRADED,INSUFFICIENT_HISTORY:62<252
WDAY,62,62,2026-04-21,2026-07-20,True,False,DEGRADED,INSUFFICIENT_HISTORY:62<252
WDC,62,62,2026-04-21,2026-07-20,True,False,DEGRADED,INSUFFICIENT_HISTORY:62<252
WEC,62,62,2026-04-21,2026-07-20,True,False,DEGRADED,INSUFFICIENT_HISTORY:62<252
WELL,62,62,2026-04-21,2026-07-20,True,False,DEGRADED,INSUFFICIENT_HISTORY:62<252
WFC,62,62,2026-04-21,2026-07-20,True,False,DEGRADED,INSUFFICIENT_HISTORY:62<252
WM,62,62,2026-04-21,2026-07-20,True,False,DEGRADED,INSUFFICIENT_HISTORY:62<252
WMB,62,62,2026-04-21,2026-07-20,True,False,DEGRADED,INSUFFICIENT_HISTORY:62<252
WMT,62,62,2026-04-21,2026-07-20,True,False,DEGRADED,INSUFFICIENT_HISTORY:62<252
WRB,62,62,2026-04-21,2026-07-20,True,False,DEGRADED,INSUFFICIENT_HISTORY:62<252
WSM,62,62,2026-04-21,2026-07-20,True,False,DEGRADED,INSUFFICIENT_HISTORY:62<252
WST,62,62,2026-04-21,2026-07-20,True,False,DEGRADED,INSUFFICIENT_HISTORY:62<252
WTW,62,62,2026-04-21,2026-07-20,True,False,DEGRADED,INSUFFICIENT_HISTORY:62<252
WY,62,62,2026-04-21,2026-07-20,True,False,DEGRADED,INSUFFICIENT_HISTORY:62<252
WYNN,62,62,2026-04-21,2026-07-20,True,False,DEGRADED,INSUFFICIENT_HISTORY:62<252
XBI,62,62,2026-04-21,2026-07-20,True,False,DEGRADED,INSUFFICIENT_HISTORY:62<252
XEL,62,62,2026-04-21,2026-07-20,True,False,DEGRADED,INSUFFICIENT_HISTORY:62<252
XHB,62,62,2026-04-21,2026-07-20,True,False,DEGRADED,INSUFFICIENT_HISTORY:62<252
XLB,62,62,2026-04-21,2026-07-20,True,False,DEGRADED,INSUFFICIENT_HISTORY:62<252
XLC,62,62,2026-04-21,2026-07-20,True,False,DEGRADED,INSUFFICIENT_HISTORY:62<252
XLE,62,62,2026-04-21,2026-07-20,True,False,DEGRADED,INSUFFICIENT_HISTORY:62<252
XLF,62,62,2026-04-21,2026-07-20,True,False,DEGRADED,INSUFFICIENT_HISTORY:62<252
XLI,62,62,2026-04-21,2026-07-20,True,False,DEGRADED,INSUFFICIENT_HISTORY:62<252
XLK,62,62,2026-04-21,2026-07-20,True,False,DEGRADED,INSUFFICIENT_HISTORY:62<252
XLP,62,62,2026-04-21,2026-07-20,True,False,DEGRADED,INSUFFICIENT_HISTORY:62<252
XLRE,62,62,2026-04-21,2026-07-20,True,False,DEGRADED,INSUFFICIENT_HISTORY:62<252
XLU,62,62,2026-04-21,2026-07-20,True,False,DEGRADED,INSUFFICIENT_HISTORY:62<252
XLV,62,62,2026-04-21,2026-07-20,True,False,DEGRADED,INSUFFICIENT_HISTORY:62<252
XLY,62,62,2026-04-21,2026-07-20,True,False,DEGRADED,INSUFFICIENT_HISTORY:62<252
XOM,62,62,2026-04-21,2026-07-20,True,False,DEGRADED,INSUFFICIENT_HISTORY:62<252
XOP,62,62,2026-04-21,2026-07-20,True,False,DEGRADED,INSUFFICIENT_HISTORY:62<252
XPH,62,62,2026-04-21,2026-07-20,True,False,DEGRADED,INSUFFICIENT_HISTORY:62<252
XRT,62,62,2026-04-21,2026-07-20,True,False,DEGRADED,INSUFFICIENT_HISTORY:62<252
XYL,62,62,2026-04-21,2026-07-20,True,False,DEGRADED,INSUFFICIENT_HISTORY:62<252
XYZ,62,62,2026-04-21,2026-07-20,True,False,DEGRADED,INSUFFICIENT_HISTORY:62<252
YUM,62,62,2026-04-21,2026-07-20,True,False,DEGRADED,INSUFFICIENT_HISTORY:62<252
ZBH,62,62,2026-04-21,2026-07-20,True,False,DEGRADED,INSUFFICIENT_HISTORY:62<252
ZBRA,62,62,2026-04-21,2026-07-20,True,False,DEGRADED,INSUFFICIENT_HISTORY:62<252
ZTS,62,62,2026-04-21,2026-07-20,True,False,DEGRADED,INSUFFICIENT_HISTORY:62<252
