symbol,window_start,window_end,expected_trading_days,observed_trading_days,missing_trading_day_count,missing_trading_days,duplicate_row_count,weekend_row_count,weekend_row_dates,holiday_row_count,holiday_row_dates,continuity_percentage,status,warnings,rejection_reasons
A,2026-06-09,2026-07-20,30,28,2,2026-06-19;2026-07-03,0,0,,0,,93.333333,REVIEW,2 expected trading days are missing.,
AAPL,2026-06-09,2026-07-20,30,28,2,2026-06-19;2026-07-03,0,0,,0,,93.333333,REVIEW,2 expected trading days are missing.,
ABBV,2026-06-09,2026-07-20,30,28,2,2026-06-19;2026-07-03,0,0,,0,,93.333333,REVIEW,2 expected trading days are missing.,
ABNB,2026-06-09,2026-07-20,30,28,2,2026-06-19;2026-07-03,0,0,,0,,93.333333,REVIEW,2 expected trading days are missing.,
ABT,2026-06-09,2026-07-20,30,28,2,2026-06-19;2026-07-03,0,0,,0,,93.333333,REVIEW,2 expected trading days are missing.,
ACGL,2026-06-09,2026-07-20,30,28,2,2026-06-19;2026-07-03,0,0,,0,,93.333333,REVIEW,2 expected trading days are missing.,
ACN,2026-06-09,2026-07-20,30,28,2,2026-06-19;2026-07-03,0,0,,0,,93.333333,REVIEW,2 expected trading days are missing.,
ADBE,2026-06-09,2026-07-20,30,28,2,2026-06-19;2026-07-03,0,0,,0,,93.333333,REVIEW,2 expected trading days are missing.,
ADI,2026-06-09,2026-07-20,30,28,2,2026-06-19;2026-07-03,0,0,,0,,93.333333,REVIEW,2 expected trading days are missing.,
ADM,2026-06-09,2026-07-20,30,28,2,2026-06-19;2026-07-03,0,0,,0,,93.333333,REVIEW,2 expected trading days are missing.,
ADP,2026-06-09,2026-07-20,30,28,2,2026-06-19;2026-07-03,0,0,,0,,93.333333,REVIEW,2 expected trading days are missing.,
ADSK,2026-06-09,2026-07-20,30,28,2,2026-06-19;2026-07-03,0,0,,0,,93.333333,REVIEW,2 expected trading days are missing.,
AEE,2026-06-09,2026-07-20,30,28,2,2026-06-19;2026-07-03,0,0,,0,,93.333333,REVIEW,2 expected trading days are missing.,
AEP,2026-06-09,2026-07-20,30,28,2,2026-06-19;2026-07-03,0,0,,0,,93.333333,REVIEW,2 expected trading days are missing.,
AES,2026-06-09,2026-07-20,30,28,2,2026-06-19;2026-07-03,0,0,,0,,93.333333,REVIEW,2 expected trading days are missing.,
AFL,2026-06-09,2026-07-20,30,28,2,2026-06-19;2026-07-03,0,0,,0,,93.333333,REVIEW,2 expected trading days are missing.,
AGG,2026-06-09,2026-07-20,30,28,2,2026-06-19;2026-07-03,0,0,,0,,93.333333,REVIEW,2 expected trading days are missing.,
AIG,2026-06-09,2026-07-20,30,28,2,2026-06-19;2026-07-03,0,0,,0,,93.333333,REVIEW,2 expected trading days are missing.,
AIZ,2026-06-09,2026-07-20,30,28,2,2026-06-19;2026-07-03,0,0,,0,,93.333333,REVIEW,2 expected trading days are missing.,
AJG,2026-06-09,2026-07-20,30,28,2,2026-06-19;2026-07-03,0,0,,0,,93.333333,REVIEW,2 expected trading days are missing.,
AKAM,2026-06-09,2026-07-20,30,28,2,2026-06-19;2026-07-03,0,0,,0,,93.333333,REVIEW,2 expected trading days are missing.,
ALAB,2026-06-09,2026-07-20,30,28,2,2026-06-19;2026-07-03,0,0,,0,,93.333333,REVIEW,2 expected trading days are missing.,
ALB,2026-06-09,2026-07-20,30,28,2,2026-06-19;2026-07-03,0,0,,0,,93.333333,REVIEW,2 expected trading days are missing.,
ALGN,2026-06-09,2026-07-20,30,28,2,2026-06-19;2026-07-03,0,0,,0,,93.333333,REVIEW,2 expected trading days are missing.,
ALL,2026-06-09,2026-07-20,30,28,2,2026-06-19;2026-07-03,0,0,,0,,93.333333,REVIEW,2 expected trading days are missing.,
ALLE,2026-06-09,2026-07-20,30,28,2,2026-06-19;2026-07-03,0,0,,0,,93.333333,REVIEW,2 expected trading days are missing.,
ALNY,2026-06-09,2026-07-20,30,28,2,2026-06-19;2026-07-03,0,0,,0,,93.333333,REVIEW,2 expected trading days are missing.,
AMAT,2026-06-09,2026-07-20,30,28,2,2026-06-19;2026-07-03,0,0,,0,,93.333333,REVIEW,2 expected trading days are missing.,
AMCR,2026-06-09,2026-07-20,30,28,2,2026-06-19;2026-07-03,0,0,,0,,93.333333,REVIEW,2 expected trading days are missing.,
AMD,2026-06-09,2026-07-20,30,28,2,2026-06-19;2026-07-03,0,0,,0,,93.333333,REVIEW,2 expected trading days are missing.,
AME,2026-06-09,2026-07-20,30,28,2,2026-06-19;2026-07-03,0,0,,0,,93.333333,REVIEW,2 expected trading days are missing.,
AMGN,2026-06-09,2026-07-20,30,28,2,2026-06-19;2026-07-03,0,0,,0,,93.333333,REVIEW,2 expected trading days are missing.,
AMP,2026-06-09,2026-07-20,30,28,2,2026-06-19;2026-07-03,0,0,,0,,93.333333,REVIEW,2 expected trading days are missing.,
AMT,2026-06-09,2026-07-20,30,28,2,2026-06-19;2026-07-03,0,0,,0,,93.333333,REVIEW,2 expected trading days are missing.,
AMZN,2026-06-09,2026-07-20,30,28,2,2026-06-19;2026-07-03,0,0,,0,,93.333333,REVIEW,2 expected trading days are missing.,
ANET,2026-06-09,2026-07-20,30,28,2,2026-06-19;2026-07-03,0,0,,0,,93.333333,REVIEW,2 expected trading days are missing.,
AON,2026-06-09,2026-07-20,30,28,2,2026-06-19;2026-07-03,0,0,,0,,93.333333,REVIEW,2 expected trading days are missing.,
AOS,2026-06-09,2026-07-20,30,28,2,2026-06-19;2026-07-03,0,0,,0,,93.333333,REVIEW,2 expected trading days are missing.,
APA,2026-06-09,2026-07-20,30,28,2,2026-06-19;2026-07-03,0,0,,0,,93.333333,REVIEW,2 expected trading days are missing.,
APD,2026-06-09,2026-07-20,30,28,2,2026-06-19;2026-07-03,0,0,,0,,93.333333,REVIEW,2 expected trading days are missing.,
APH,2026-06-09,2026-07-20,30,28,2,2026-06-19;2026-07-03,0,0,,0,,93.333333,REVIEW,2 expected trading days are missing.,
APO,2026-06-09,2026-07-20,30,28,2,2026-06-19;2026-07-03,0,0,,0,,93.333333,REVIEW,2 expected trading days are missing.,
APP,2026-06-09,2026-07-20,30,28,2,2026-06-19;2026-07-03,0,0,,0,,93.333333,REVIEW,2 expected trading days are missing.,
APTV,2026-06-09,2026-07-20,30,28,2,2026-06-19;2026-07-03,0,0,,0,,93.333333,REVIEW,2 expected trading days are missing.,
ARE,2026-06-09,2026-07-20,30,28,2,2026-06-19;2026-07-03,0,0,,0,,93.333333,REVIEW,2 expected trading days are missing.,
ARES,2026-06-09,2026-07-20,30,28,2,2026-06-19;2026-07-03,0,0,,0,,93.333333,REVIEW,2 expected trading days are missing.,
ARKK,2026-06-09,2026-07-20,30,28,2,2026-06-19;2026-07-03,0,0,,0,,93.333333,REVIEW,2 expected trading days are missing.,
ARM,2026-06-09,2026-07-20,30,28,2,2026-06-19;2026-07-03,0,0,,0,,93.333333,REVIEW,2 expected trading days are missing.,
ASML,2026-06-09,2026-07-20,30,28,2,2026-06-19;2026-07-03,0,0,,0,,93.333333,REVIEW,2 expected trading days are missing.,
ATO,2026-06-09,2026-07-20,30,28,2,2026-06-19;2026-07-03,0,0,,0,,93.333333,REVIEW,2 expected trading days are missing.,
AVB,2026-06-09,2026-07-20,30,28,2,2026-06-19;2026-07-03,0,0,,0,,93.333333,REVIEW,2 expected trading days are missing.,
AVGO,2026-06-09,2026-07-20,30,28,2,2026-06-19;2026-07-03,0,0,,0,,93.333333,REVIEW,2 expected trading days are missing.,
AVY,2026-06-09,2026-07-20,30,28,2,2026-06-19;2026-07-03,0,0,,0,,93.333333,REVIEW,2 expected trading days are missing.,
AWK,2026-06-09,2026-07-20,30,28,2,2026-06-19;2026-07-03,0,0,,0,,93.333333,REVIEW,2 expected trading days are missing.,
AXON,2026-06-09,2026-07-20,30,28,2,2026-06-19;2026-07-03,0,0,,0,,93.333333,REVIEW,2 expected trading days are missing.,
AXP,2026-06-09,2026-07-20,30,28,2,2026-06-19;2026-07-03,0,0,,0,,93.333333,REVIEW,2 expected trading days are missing.,
AZO,2026-06-09,2026-07-20,30,28,2,2026-06-19;2026-07-03,0,0,,0,,93.333333,REVIEW,2 expected trading days are missing.,
BA,2026-06-09,2026-07-20,30,28,2,2026-06-19;2026-07-03,0,0,,0,,93.333333,REVIEW,2 expected trading days are missing.,
BAC,2026-06-09,2026-07-20,30,28,2,2026-06-19;2026-07-03,0,0,,0,,93.333333,REVIEW,2 expected trading days are missing.,
BALL,2026-06-09,2026-07-20,30,28,2,2026-06-19;2026-07-03,0,0,,0,,93.333333,REVIEW,2 expected trading days are missing.,
BAX,2026-06-09,2026-07-20,30,28,2,2026-06-19;2026-07-03,0,0,,0,,93.333333,REVIEW,2 expected trading days are missing.,
BBY,2026-06-09,2026-07-20,30,28,2,2026-06-19;2026-07-03,0,0,,0,,93.333333,REVIEW,2 expected trading days are missing.,
BDX,2026-06-09,2026-07-20,30,28,2,2026-06-19;2026-07-03,0,0,,0,,93.333333,REVIEW,2 expected trading days are missing.,
BEN,2026-06-09,2026-07-20,30,28,2,2026-06-19;2026-07-03,0,0,,0,,93.333333,REVIEW,2 expected trading days are missing.,
BF-B,2026-06-09,2026-07-20,30,28,2,2026-06-19;2026-07-03,0,0,,0,,93.333333,REVIEW,2 expected trading days are missing.,
BG,2026-06-09,2026-07-20,30,28,2,2026-06-19;2026-07-03,0,0,,0,,93.333333,REVIEW,2 expected trading days are missing.,
BIIB,2026-06-09,2026-07-20,30,28,2,2026-06-19;2026-07-03,0,0,,0,,93.333333,REVIEW,2 expected trading days are missing.,
BITO,2026-06-09,2026-07-20,30,28,2,2026-06-19;2026-07-03,0,0,,0,,93.333333,REVIEW,2 expected trading days are missing.,
BKNG,2026-06-09,2026-07-20,30,28,2,2026-06-19;2026-07-03,0,0,,0,,93.333333,REVIEW,2 expected trading days are missing.,
BKR,2026-06-09,2026-07-20,30,28,2,2026-06-19;2026-07-03,0,0,,0,,93.333333,REVIEW,2 expected trading days are missing.,
BLDR,2026-06-09,2026-07-20,30,28,2,2026-06-19;2026-07-03,0,0,,0,,93.333333,REVIEW,2 expected trading days are missing.,
BLK,2026-06-09,2026-07-20,30,28,2,2026-06-19;2026-07-03,0,0,,0,,93.333333,REVIEW,2 expected trading days are missing.,
BMY,2026-06-09,2026-07-20,30,28,2,2026-06-19;2026-07-03,0,0,,0,,93.333333,REVIEW,2 expected trading days are missing.,
BND,2026-06-09,2026-07-20,30,28,2,2026-06-19;2026-07-03,0,0,,0,,93.333333,REVIEW,2 expected trading days are missing.,
BNY,2026-06-09,2026-07-20,30,28,2,2026-06-19;2026-07-03,0,0,,0,,93.333333,REVIEW,2 expected trading days are missing.,
BR,2026-06-09,2026-07-20,30,28,2,2026-06-19;2026-07-03,0,0,,0,,93.333333,REVIEW,2 expected trading days are missing.,
BRK-B,2026-06-09,2026-07-20,30,28,2,2026-06-19;2026-07-03,0,0,,0,,93.333333,REVIEW,2 expected trading days are missing.,
BRO,2026-06-09,2026-07-20,30,28,2,2026-06-19;2026-07-03,0,0,,0,,93.333333,REVIEW,2 expected trading days are missing.,
BSX,2026-06-09,2026-07-20,30,28,2,2026-06-19;2026-07-03,0,0,,0,,93.333333,REVIEW,2 expected trading days are missing.,
BX,2026-06-09,2026-07-20,30,28,2,2026-06-19;2026-07-03,0,0,,0,,93.333333,REVIEW,2 expected trading days are missing.,
BXP,2026-06-09,2026-07-20,30,28,2,2026-06-19;2026-07-03,0,0,,0,,93.333333,REVIEW,2 expected trading days are missing.,
C,2026-06-09,2026-07-20,30,28,2,2026-06-19;2026-07-03,0,0,,0,,93.333333,REVIEW,2 expected trading days are missing.,
CAH,2026-06-09,2026-07-20,30,28,2,2026-06-19;2026-07-03,0,0,,0,,93.333333,REVIEW,2 expected trading days are missing.,
CARR,2026-06-09,2026-07-20,30,28,2,2026-06-19;2026-07-03,0,0,,0,,93.333333,REVIEW,2 expected trading days are missing.,
CASY,2026-06-09,2026-07-20,30,28,2,2026-06-19;2026-07-03,0,0,,0,,93.333333,REVIEW,2 expected trading days are missing.,
CAT,2026-06-09,2026-07-20,30,28,2,2026-06-19;2026-07-03,0,0,,0,,93.333333,REVIEW,2 expected trading days are missing.,
CB,2026-06-09,2026-07-20,30,28,2,2026-06-19;2026-07-03,0,0,,0,,93.333333,REVIEW,2 expected trading days are missing.,
CBOE,2026-06-09,2026-07-20,30,28,2,2026-06-19;2026-07-03,0,0,,0,,93.333333,REVIEW,2 expected trading days are missing.,
CBRE,2026-06-09,2026-07-20,30,28,2,2026-06-19;2026-07-03,0,0,,0,,93.333333,REVIEW,2 expected trading days are missing.,
CCEP,2026-06-09,2026-07-20,30,28,2,2026-06-19;2026-07-03,0,0,,0,,93.333333,REVIEW,2 expected trading days are missing.,
CCI,2026-06-09,2026-07-20,30,28,2,2026-06-19;2026-07-03,0,0,,0,,93.333333,REVIEW,2 expected trading days are missing.,
CCL,2026-06-09,2026-07-20,30,28,2,2026-06-19;2026-07-03,0,0,,0,,93.333333,REVIEW,2 expected trading days are missing.,
CDNS,2026-06-09,2026-07-20,30,28,2,2026-06-19;2026-07-03,0,0,,0,,93.333333,REVIEW,2 expected trading days are missing.,
CDW,2026-06-09,2026-07-20,30,28,2,2026-06-19;2026-07-03,0,0,,0,,93.333333,REVIEW,2 expected trading days are missing.,
CEG,2026-06-09,2026-07-20,30,28,2,2026-06-19;2026-07-03,0,0,,0,,93.333333,REVIEW,2 expected trading days are missing.,
CF,2026-06-09,2026-07-20,30,28,2,2026-06-19;2026-07-03,0,0,,0,,93.333333,REVIEW,2 expected trading days are missing.,
CFG,2026-06-09,2026-07-20,30,28,2,2026-06-19;2026-07-03,0,0,,0,,93.333333,REVIEW,2 expected trading days are missing.,
CHD,2026-06-09,2026-07-20,30,28,2,2026-06-19;2026-07-03,0,0,,0,,93.333333,REVIEW,2 expected trading days are missing.,
CHRW,2026-06-09,2026-07-20,30,28,2,2026-06-19;2026-07-03,0,0,,0,,93.333333,REVIEW,2 expected trading days are missing.,
CHTR,2026-06-09,2026-07-20,30,28,2,2026-06-19;2026-07-03,0,0,,0,,93.333333,REVIEW,2 expected trading days are missing.,
CI,2026-06-09,2026-07-20,30,28,2,2026-06-19;2026-07-03,0,0,,0,,93.333333,REVIEW,2 expected trading days are missing.,
CIBR,2026-06-09,2026-07-20,30,28,2,2026-06-19;2026-07-03,0,0,,0,,93.333333,REVIEW,2 expected trading days are missing.,
CIEN,2026-06-09,2026-07-20,30,28,2,2026-06-19;2026-07-03,0,0,,0,,93.333333,REVIEW,2 expected trading days are missing.,
CINF,2026-06-09,2026-07-20,30,28,2,2026-06-19;2026-07-03,0,0,,0,,93.333333,REVIEW,2 expected trading days are missing.,
CL,2026-06-09,2026-07-20,30,28,2,2026-06-19;2026-07-03,0,0,,0,,93.333333,REVIEW,2 expected trading days are missing.,
CLX,2026-06-09,2026-07-20,30,28,2,2026-06-19;2026-07-03,0,0,,0,,93.333333,REVIEW,2 expected trading days are missing.,
CMCSA,2026-06-09,2026-07-20,30,28,2,2026-06-19;2026-07-03,0,0,,0,,93.333333,REVIEW,2 expected trading days are missing.,
CME,2026-06-09,2026-07-20,30,28,2,2026-06-19;2026-07-03,0,0,,0,,93.333333,REVIEW,2 expected trading days are missing.,
CMG,2026-06-09,2026-07-20,30,28,2,2026-06-19;2026-07-03,0,0,,0,,93.333333,REVIEW,2 expected trading days are missing.,
CMI,2026-06-09,2026-07-20,30,28,2,2026-06-19;2026-07-03,0,0,,0,,93.333333,REVIEW,2 expected trading days are missing.,
CMS,2026-06-09,2026-07-20,30,28,2,2026-06-19;2026-07-03,0,0,,0,,93.333333,REVIEW,2 expected trading days are missing.,
CNC,2026-06-09,2026-07-20,30,28,2,2026-06-19;2026-07-03,0,0,,0,,93.333333,REVIEW,2 expected trading days are missing.,
CNP,2026-06-09,2026-07-20,30,28,2,2026-06-19;2026-07-03,0,0,,0,,93.333333,REVIEW,2 expected trading days are missing.,
COF,2026-06-09,2026-07-20,30,28,2,2026-06-19;2026-07-03,0,0,,0,,93.333333,REVIEW,2 expected trading days are missing.,
COHR,2026-06-09,2026-07-20,30,28,2,2026-06-19;2026-07-03,0,0,,0,,93.333333,REVIEW,2 expected trading days are missing.,
COIN,2026-06-09,2026-07-20,30,28,2,2026-06-19;2026-07-03,0,0,,0,,93.333333,REVIEW,2 expected trading days are missing.,
COO,2026-06-09,2026-07-20,30,28,2,2026-06-19;2026-07-03,0,0,,0,,93.333333,REVIEW,2 expected trading days are missing.,
COP,2026-06-09,2026-07-20,30,28,2,2026-06-19;2026-07-03,0,0,,0,,93.333333,REVIEW,2 expected trading days are missing.,
COR,2026-06-09,2026-07-20,30,28,2,2026-06-19;2026-07-03,0,0,,0,,93.333333,REVIEW,2 expected trading days are missing.,
COST,2026-06-09,2026-07-20,30,28,2,2026-06-19;2026-07-03,0,0,,0,,93.333333,REVIEW,2 expected trading days are missing.,
CPAY,2026-06-09,2026-07-20,30,28,2,2026-06-19;2026-07-03,0,0,,0,,93.333333,REVIEW,2 expected trading days are missing.,
CPRT,2026-06-09,2026-07-20,30,28,2,2026-06-19;2026-07-03,0,0,,0,,93.333333,REVIEW,2 expected trading days are missing.,
CPT,2026-06-09,2026-07-20,30,28,2,2026-06-19;2026-07-03,0,0,,0,,93.333333,REVIEW,2 expected trading days are missing.,
CRH,2026-06-09,2026-07-20,30,28,2,2026-06-19;2026-07-03,0,0,,0,,93.333333,REVIEW,2 expected trading days are missing.,
CRL,2026-06-09,2026-07-20,30,28,2,2026-06-19;2026-07-03,0,0,,0,,93.333333,REVIEW,2 expected trading days are missing.,
CRM,2026-06-09,2026-07-20,30,28,2,2026-06-19;2026-07-03,0,0,,0,,93.333333,REVIEW,2 expected trading days are missing.,
CRWD,2026-06-09,2026-07-20,30,28,2,2026-06-19;2026-07-03,0,0,,0,,93.333333,REVIEW,2 expected trading days are missing.,
CRWV,2026-06-09,2026-07-20,30,28,2,2026-06-19;2026-07-03,0,0,,0,,93.333333,REVIEW,2 expected trading days are missing.,
CSCO,2026-06-09,2026-07-20,30,28,2,2026-06-19;2026-07-03,0,0,,0,,93.333333,REVIEW,2 expected trading days are missing.,
CSGP,2026-06-09,2026-07-20,30,28,2,2026-06-19;2026-07-03,0,0,,0,,93.333333,REVIEW,2 expected trading days are missing.,
CSX,2026-06-09,2026-07-20,30,28,2,2026-06-19;2026-07-03,0,0,,0,,93.333333,REVIEW,2 expected trading days are missing.,
CTAS,2026-06-09,2026-07-20,30,28,2,2026-06-19;2026-07-03,0,0,,0,,93.333333,REVIEW,2 expected trading days are missing.,
CTSH,2026-06-09,2026-07-20,30,28,2,2026-06-19;2026-07-03,0,0,,0,,93.333333,REVIEW,2 expected trading days are missing.,
CTVA,2026-06-09,2026-07-20,30,28,2,2026-06-19;2026-07-03,0,0,,0,,93.333333,REVIEW,2 expected trading days are missing.,
CVNA,2026-06-09,2026-07-20,30,28,2,2026-06-19;2026-07-03,0,0,,0,,93.333333,REVIEW,2 expected trading days are missing.,
CVS,2026-06-09,2026-07-20,30,28,2,2026-06-19;2026-07-03,0,0,,0,,93.333333,REVIEW,2 expected trading days are missing.,
CVX,2026-06-09,2026-07-20,30,28,2,2026-06-19;2026-07-03,0,0,,0,,93.333333,REVIEW,2 expected trading days are missing.,
D,2026-06-09,2026-07-20,30,28,2,2026-06-19;2026-07-03,0,0,,0,,93.333333,REVIEW,2 expected trading days are missing.,
DAL,2026-06-09,2026-07-20,30,28,2,2026-06-19;2026-07-03,0,0,,0,,93.333333,REVIEW,2 expected trading days are missing.,
DASH,2026-06-09,2026-07-20,30,28,2,2026-06-19;2026-07-03,0,0,,0,,93.333333,REVIEW,2 expected trading days are missing.,
DBA,2026-06-09,2026-07-20,30,28,2,2026-06-19;2026-07-03,0,0,,0,,93.333333,REVIEW,2 expected trading days are missing.,
DD,2026-06-09,2026-07-20,30,28,2,2026-06-19;2026-07-03,0,0,,0,,93.333333,REVIEW,2 expected trading days are missing.,
DDOG,2026-06-09,2026-07-20,30,28,2,2026-06-19;2026-07-03,0,0,,0,,93.333333,REVIEW,2 expected trading days are missing.,
DE,2026-06-09,2026-07-20,30,28,2,2026-06-19;2026-07-03,0,0,,0,,93.333333,REVIEW,2 expected trading days are missing.,
DECK,2026-06-09,2026-07-20,30,28,2,2026-06-19;2026-07-03,0,0,,0,,93.333333,REVIEW,2 expected trading days are missing.,
DELL,2026-06-09,2026-07-20,30,28,2,2026-06-19;2026-07-03,0,0,,0,,93.333333,REVIEW,2 expected trading days are missing.,
DG,2026-06-09,2026-07-20,30,28,2,2026-06-19;2026-07-03,0,0,,0,,93.333333,REVIEW,2 expected trading days are missing.,
DGX,2026-06-09,2026-07-20,30,28,2,2026-06-19;2026-07-03,0,0,,0,,93.333333,REVIEW,2 expected trading days are missing.,
DHI,2026-06-09,2026-07-20,30,28,2,2026-06-19;2026-07-03,0,0,,0,,93.333333,REVIEW,2 expected trading days are missing.,
DHR,2026-06-09,2026-07-20,30,28,2,2026-06-19;2026-07-03,0,0,,0,,93.333333,REVIEW,2 expected trading days are missing.,
DIA,2026-06-09,2026-07-20,30,28,2,2026-06-19;2026-07-03,0,0,,0,,93.333333,REVIEW,2 expected trading days are missing.,
DIS,2026-06-09,2026-07-20,30,28,2,2026-06-19;2026-07-03,0,0,,0,,93.333333,REVIEW,2 expected trading days are missing.,
DLR,2026-06-09,2026-07-20,30,28,2,2026-06-19;2026-07-03,0,0,,0,,93.333333,REVIEW,2 expected trading days are missing.,
DLTR,2026-06-09,2026-07-20,30,28,2,2026-06-19;2026-07-03,0,0,,0,,93.333333,REVIEW,2 expected trading days are missing.,
DOC,2026-06-09,2026-07-20,30,28,2,2026-06-19;2026-07-03,0,0,,0,,93.333333,REVIEW,2 expected trading days are missing.,
DOV,2026-06-09,2026-07-20,30,28,2,2026-06-19;2026-07-03,0,0,,0,,93.333333,REVIEW,2 expected trading days are missing.,
DOW,2026-06-09,2026-07-20,30,28,2,2026-06-19;2026-07-03,0,0,,0,,93.333333,REVIEW,2 expected trading days are missing.,
DPZ,2026-06-09,2026-07-20,30,28,2,2026-06-19;2026-07-03,0,0,,0,,93.333333,REVIEW,2 expected trading days are missing.,
DRI,2026-06-09,2026-07-20,30,28,2,2026-06-19;2026-07-03,0,0,,0,,93.333333,REVIEW,2 expected trading days are missing.,
DTE,2026-06-09,2026-07-20,30,28,2,2026-06-19;2026-07-03,0,0,,0,,93.333333,REVIEW,2 expected trading days are missing.,
DUK,2026-06-09,2026-07-20,30,28,2,2026-06-19;2026-07-03,0,0,,0,,93.333333,REVIEW,2 expected trading days are missing.,
DVA,2026-06-09,2026-07-20,30,28,2,2026-06-19;2026-07-03,0,0,,0,,93.333333,REVIEW,2 expected trading days are missing.,
DVN,2026-06-09,2026-07-20,30,28,2,2026-06-19;2026-07-03,0,0,,0,,93.333333,REVIEW,2 expected trading days are missing.,
DXCM,2026-06-09,2026-07-20,30,28,2,2026-06-19;2026-07-03,0,0,,0,,93.333333,REVIEW,2 expected trading days are missing.,
EA,2026-06-09,2026-07-20,30,28,2,2026-06-19;2026-07-03,0,0,,0,,93.333333,REVIEW,2 expected trading days are missing.,
EBAY,2026-06-09,2026-07-20,30,28,2,2026-06-19;2026-07-03,0,0,,0,,93.333333,REVIEW,2 expected trading days are missing.,
ECHO,2026-06-09,2026-07-20,30,28,2,2026-06-19;2026-07-03,0,0,,0,,93.333333,REVIEW,2 expected trading days are missing.,
ECL,2026-06-09,2026-07-20,30,28,2,2026-06-19;2026-07-03,0,0,,0,,93.333333,REVIEW,2 expected trading days are missing.,
ED,2026-06-09,2026-07-20,30,28,2,2026-06-19;2026-07-03,0,0,,0,,93.333333,REVIEW,2 expected trading days are missing.,
EEM,2026-06-09,2026-07-20,30,28,2,2026-06-19;2026-07-03,0,0,,0,,93.333333,REVIEW,2 expected trading days are missing.,
EFA,2026-06-09,2026-07-20,30,28,2,2026-06-19;2026-07-03,0,0,,0,,93.333333,REVIEW,2 expected trading days are missing.,
EFX,2026-06-09,2026-07-20,30,28,2,2026-06-19;2026-07-03,0,0,,0,,93.333333,REVIEW,2 expected trading days are missing.,
EG,2026-06-09,2026-07-20,30,28,2,2026-06-19;2026-07-03,0,0,,0,,93.333333,REVIEW,2 expected trading days are missing.,
EIX,2026-06-09,2026-07-20,30,28,2,2026-06-19;2026-07-03,0,0,,0,,93.333333,REVIEW,2 expected trading days are missing.,
EL,2026-06-09,2026-07-20,30,28,2,2026-06-19;2026-07-03,0,0,,0,,93.333333,REVIEW,2 expected trading days are missing.,
ELV,2026-06-09,2026-07-20,30,28,2,2026-06-19;2026-07-03,0,0,,0,,93.333333,REVIEW,2 expected trading days are missing.,
EME,2026-06-09,2026-07-20,30,28,2,2026-06-19;2026-07-03,0,0,,0,,93.333333,REVIEW,2 expected trading days are missing.,
EMR,2026-06-09,2026-07-20,30,28,2,2026-06-19;2026-07-03,0,0,,0,,93.333333,REVIEW,2 expected trading days are missing.,
EOG,2026-06-09,2026-07-20,30,28,2,2026-06-19;2026-07-03,0,0,,0,,93.333333,REVIEW,2 expected trading days are missing.,
EQIX,2026-06-09,2026-07-20,30,28,2,2026-06-19;2026-07-03,0,0,,0,,93.333333,REVIEW,2 expected trading days are missing.,
EQR,2026-06-09,2026-07-20,30,28,2,2026-06-19;2026-07-03,0,0,,0,,93.333333,REVIEW,2 expected trading days are missing.,
EQT,2026-06-09,2026-07-20,30,28,2,2026-06-19;2026-07-03,0,0,,0,,93.333333,REVIEW,2 expected trading days are missing.,
ERIE,2026-06-09,2026-07-20,30,28,2,2026-06-19;2026-07-03,0,0,,0,,93.333333,REVIEW,2 expected trading days are missing.,
ES,2026-06-09,2026-07-20,30,28,2,2026-06-19;2026-07-03,0,0,,0,,93.333333,REVIEW,2 expected trading days are missing.,
ESS,2026-06-09,2026-07-20,30,28,2,2026-06-19;2026-07-03,0,0,,0,,93.333333,REVIEW,2 expected trading days are missing.,
ETHA,2026-06-09,2026-07-20,30,28,2,2026-06-19;2026-07-03,0,0,,0,,93.333333,REVIEW,2 expected trading days are missing.,
ETN,2026-06-09,2026-07-20,30,28,2,2026-06-19;2026-07-03,0,0,,0,,93.333333,REVIEW,2 expected trading days are missing.,
ETR,2026-06-09,2026-07-20,30,28,2,2026-06-19;2026-07-03,0,0,,0,,93.333333,REVIEW,2 expected trading days are missing.,
EVRG,2026-06-09,2026-07-20,30,28,2,2026-06-19;2026-07-03,0,0,,0,,93.333333,REVIEW,2 expected trading days are missing.,
EW,2026-06-09,2026-07-20,30,28,2,2026-06-19;2026-07-03,0,0,,0,,93.333333,REVIEW,2 expected trading days are missing.,
EWJ,2026-06-09,2026-07-20,30,28,2,2026-06-19;2026-07-03,0,0,,0,,93.333333,REVIEW,2 expected trading days are missing.,
EWZ,2026-06-09,2026-07-20,30,28,2,2026-06-19;2026-07-03,0,0,,0,,93.333333,REVIEW,2 expected trading days are missing.,
EXC,2026-06-09,2026-07-20,30,28,2,2026-06-19;2026-07-03,0,0,,0,,93.333333,REVIEW,2 expected trading days are missing.,
EXE,2026-06-09,2026-07-20,30,28,2,2026-06-19;2026-07-03,0,0,,0,,93.333333,REVIEW,2 expected trading days are missing.,
EXPD,2026-06-09,2026-07-20,30,28,2,2026-06-19;2026-07-03,0,0,,0,,93.333333,REVIEW,2 expected trading days are missing.,
EXPE,2026-06-09,2026-07-20,30,28,2,2026-06-19;2026-07-03,0,0,,0,,93.333333,REVIEW,2 expected trading days are missing.,
EXR,2026-06-09,2026-07-20,30,28,2,2026-06-19;2026-07-03,0,0,,0,,93.333333,REVIEW,2 expected trading days are missing.,
F,2026-06-09,2026-07-20,30,28,2,2026-06-19;2026-07-03,0,0,,0,,93.333333,REVIEW,2 expected trading days are missing.,
FANG,2026-06-09,2026-07-20,30,28,2,2026-06-19;2026-07-03,0,0,,0,,93.333333,REVIEW,2 expected trading days are missing.,
FAST,2026-06-09,2026-07-20,30,28,2,2026-06-19;2026-07-03,0,0,,0,,93.333333,REVIEW,2 expected trading days are missing.,
FBTC,2026-06-09,2026-07-20,30,28,2,2026-06-19;2026-07-03,0,0,,0,,93.333333,REVIEW,2 expected trading days are missing.,
FCX,2026-06-09,2026-07-20,30,28,2,2026-06-19;2026-07-03,0,0,,0,,93.333333,REVIEW,2 expected trading days are missing.,
FDS,2026-06-09,2026-07-20,30,28,2,2026-06-19;2026-07-03,0,0,,0,,93.333333,REVIEW,2 expected trading days are missing.,
FDX,2026-06-09,2026-07-20,30,28,2,2026-06-19;2026-07-03,0,0,,0,,93.333333,REVIEW,2 expected trading days are missing.,
FDXF,2026-06-09,2026-07-20,30,28,2,2026-06-19;2026-07-03,0,0,,0,,93.333333,REVIEW,2 expected trading days are missing.,
FE,2026-06-09,2026-07-20,30,28,2,2026-06-19;2026-07-03,0,0,,0,,93.333333,REVIEW,2 expected trading days are missing.,
FER,2026-06-09,2026-07-20,30,28,2,2026-06-19;2026-07-03,0,0,,0,,93.333333,REVIEW,2 expected trading days are missing.,
FFIV,2026-06-09,2026-07-20,30,28,2,2026-06-19;2026-07-03,0,0,,0,,93.333333,REVIEW,2 expected trading days are missing.,
FICO,2026-06-09,2026-07-20,30,28,2,2026-06-19;2026-07-03,0,0,,0,,93.333333,REVIEW,2 expected trading days are missing.,
FIS,2026-06-09,2026-07-20,30,28,2,2026-06-19;2026-07-03,0,0,,0,,93.333333,REVIEW,2 expected trading days are missing.,
FISV,2026-06-09,2026-07-20,30,28,2,2026-06-19;2026-07-03,0,0,,0,,93.333333,REVIEW,2 expected trading days are missing.,
FITB,2026-06-09,2026-07-20,30,28,2,2026-06-19;2026-07-03,0,0,,0,,93.333333,REVIEW,2 expected trading days are missing.,
FIX,2026-06-09,2026-07-20,30,28,2,2026-06-19;2026-07-03,0,0,,0,,93.333333,REVIEW,2 expected trading days are missing.,
FLEX,2026-06-09,2026-07-20,30,28,2,2026-06-19;2026-07-03,0,0,,0,,93.333333,REVIEW,2 expected trading days are missing.,
FOX,2026-06-09,2026-07-20,30,28,2,2026-06-19;2026-07-03,0,0,,0,,93.333333,REVIEW,2 expected trading days are missing.,
FOXA,2026-06-09,2026-07-20,30,28,2,2026-06-19;2026-07-03,0,0,,0,,93.333333,REVIEW,2 expected trading days are missing.,
FRT,2026-06-09,2026-07-20,30,28,2,2026-06-19;2026-07-03,0,0,,0,,93.333333,REVIEW,2 expected trading days are missing.,
FSLR,2026-06-09,2026-07-20,30,28,2,2026-06-19;2026-07-03,0,0,,0,,93.333333,REVIEW,2 expected trading days are missing.,
FTNT,2026-06-09,2026-07-20,30,28,2,2026-06-19;2026-07-03,0,0,,0,,93.333333,REVIEW,2 expected trading days are missing.,
FTV,2026-06-09,2026-07-20,30,28,2,2026-06-19;2026-07-03,0,0,,0,,93.333333,REVIEW,2 expected trading days are missing.,
FXI,2026-06-09,2026-07-20,30,28,2,2026-06-19;2026-07-03,0,0,,0,,93.333333,REVIEW,2 expected trading days are missing.,
GD,2026-06-09,2026-07-20,30,28,2,2026-06-19;2026-07-03,0,0,,0,,93.333333,REVIEW,2 expected trading days are missing.,
GDDY,2026-06-09,2026-07-20,30,28,2,2026-06-19;2026-07-03,0,0,,0,,93.333333,REVIEW,2 expected trading days are missing.,
GDX,2026-06-09,2026-07-20,30,28,2,2026-06-19;2026-07-03,0,0,,0,,93.333333,REVIEW,2 expected trading days are missing.,
GDXJ,2026-06-09,2026-07-20,30,28,2,2026-06-19;2026-07-03,0,0,,0,,93.333333,REVIEW,2 expected trading days are missing.,
GE,2026-06-09,2026-07-20,30,28,2,2026-06-19;2026-07-03,0,0,,0,,93.333333,REVIEW,2 expected trading days are missing.,
GEHC,2026-06-09,2026-07-20,30,28,2,2026-06-19;2026-07-03,0,0,,0,,93.333333,REVIEW,2 expected trading days are missing.,
GEN,2026-06-09,2026-07-20,30,28,2,2026-06-19;2026-07-03,0,0,,0,,93.333333,REVIEW,2 expected trading days are missing.,
GEV,2026-06-09,2026-07-20,30,28,2,2026-06-19;2026-07-03,0,0,,0,,93.333333,REVIEW,2 expected trading days are missing.,
GILD,2026-06-09,2026-07-20,30,28,2,2026-06-19;2026-07-03,0,0,,0,,93.333333,REVIEW,2 expected trading days are missing.,
GIS,2026-06-09,2026-07-20,30,28,2,2026-06-19;2026-07-03,0,0,,0,,93.333333,REVIEW,2 expected trading days are missing.,
GL,2026-06-09,2026-07-20,30,28,2,2026-06-19;2026-07-03,0,0,,0,,93.333333,REVIEW,2 expected trading days are missing.,
GLD,2026-06-09,2026-07-20,30,28,2,2026-06-19;2026-07-03,0,0,,0,,93.333333,REVIEW,2 expected trading days are missing.,
GLW,2026-06-09,2026-07-20,30,28,2,2026-06-19;2026-07-03,0,0,,0,,93.333333,REVIEW,2 expected trading days are missing.,
GM,2026-06-09,2026-07-20,30,28,2,2026-06-19;2026-07-03,0,0,,0,,93.333333,REVIEW,2 expected trading days are missing.,
GNRC,2026-06-09,2026-07-20,30,28,2,2026-06-19;2026-07-03,0,0,,0,,93.333333,REVIEW,2 expected trading days are missing.,
GOOG,2026-06-09,2026-07-20,30,28,2,2026-06-19;2026-07-03,0,0,,0,,93.333333,REVIEW,2 expected trading days are missing.,
GOOGL,2026-06-09,2026-07-20,30,28,2,2026-06-19;2026-07-03,0,0,,0,,93.333333,REVIEW,2 expected trading days are missing.,
GPC,2026-06-09,2026-07-20,30,28,2,2026-06-19;2026-07-03,0,0,,0,,93.333333,REVIEW,2 expected trading days are missing.,
GPN,2026-06-09,2026-07-20,30,28,2,2026-06-19;2026-07-03,0,0,,0,,93.333333,REVIEW,2 expected trading days are missing.,
GRMN,2026-06-09,2026-07-20,30,28,2,2026-06-19;2026-07-03,0,0,,0,,93.333333,REVIEW,2 expected trading days are missing.,
GS,2026-06-09,2026-07-20,30,28,2,2026-06-19;2026-07-03,0,0,,0,,93.333333,REVIEW,2 expected trading days are missing.,
GWW,2026-06-09,2026-07-20,30,28,2,2026-06-19;2026-07-03,0,0,,0,,93.333333,REVIEW,2 expected trading days are missing.,
HACK,2026-06-09,2026-07-20,30,28,2,2026-06-19;2026-07-03,0,0,,0,,93.333333,REVIEW,2 expected trading days are missing.,
HAL,2026-06-09,2026-07-20,30,28,2,2026-06-19;2026-07-03,0,0,,0,,93.333333,REVIEW,2 expected trading days are missing.,
HAS,2026-06-09,2026-07-20,30,28,2,2026-06-19;2026-07-03,0,0,,0,,93.333333,REVIEW,2 expected trading days are missing.,
HBAN,2026-06-09,2026-07-20,30,28,2,2026-06-19;2026-07-03,0,0,,0,,93.333333,REVIEW,2 expected trading days are missing.,
HCA,2026-06-09,2026-07-20,30,28,2,2026-06-19;2026-07-03,0,0,,0,,93.333333,REVIEW,2 expected trading days are missing.,
HD,2026-06-09,2026-07-20,30,28,2,2026-06-19;2026-07-03,0,0,,0,,93.333333,REVIEW,2 expected trading days are missing.,
HIG,2026-06-09,2026-07-20,30,28,2,2026-06-19;2026-07-03,0,0,,0,,93.333333,REVIEW,2 expected trading days are missing.,
HII,2026-06-09,2026-07-20,30,28,2,2026-06-19;2026-07-03,0,0,,0,,93.333333,REVIEW,2 expected trading days are missing.,
HLT,2026-06-09,2026-07-20,30,28,2,2026-06-19;2026-07-03,0,0,,0,,93.333333,REVIEW,2 expected trading days are missing.,
HON,2026-06-09,2026-07-20,30,28,2,2026-06-19;2026-07-03,0,0,,0,,93.333333,REVIEW,2 expected trading days are missing.,
HONA,2026-06-09,2026-07-20,30,24,6,2026-06-09;2026-06-10;2026-06-11;2026-06-12;2026-06-19;2026-07-03,0,0,,0,,80.0,FAILED,6 expected trading days are missing.,Market-data continuity or anomaly counts violate completeness policy.
HOOD,2026-06-09,2026-07-20,30,28,2,2026-06-19;2026-07-03,0,0,,0,,93.333333,REVIEW,2 expected trading days are missing.,
HPE,2026-06-09,2026-07-20,30,28,2,2026-06-19;2026-07-03,0,0,,0,,93.333333,REVIEW,2 expected trading days are missing.,
HPQ,2026-06-09,2026-07-20,30,28,2,2026-06-19;2026-07-03,0,0,,0,,93.333333,REVIEW,2 expected trading days are missing.,
HRL,2026-06-09,2026-07-20,30,28,2,2026-06-19;2026-07-03,0,0,,0,,93.333333,REVIEW,2 expected trading days are missing.,
HSIC,2026-06-09,2026-07-20,30,28,2,2026-06-19;2026-07-03,0,0,,0,,93.333333,REVIEW,2 expected trading days are missing.,
HST,2026-06-09,2026-07-20,30,28,2,2026-06-19;2026-07-03,0,0,,0,,93.333333,REVIEW,2 expected trading days are missing.,
HSY,2026-06-09,2026-07-20,30,28,2,2026-06-19;2026-07-03,0,0,,0,,93.333333,REVIEW,2 expected trading days are missing.,
HUBB,2026-06-09,2026-07-20,30,28,2,2026-06-19;2026-07-03,0,0,,0,,93.333333,REVIEW,2 expected trading days are missing.,
HUM,2026-06-09,2026-07-20,30,28,2,2026-06-19;2026-07-03,0,0,,0,,93.333333,REVIEW,2 expected trading days are missing.,
HWM,2026-06-09,2026-07-20,30,28,2,2026-06-19;2026-07-03,0,0,,0,,93.333333,REVIEW,2 expected trading days are missing.,
HYG,2026-06-09,2026-07-20,30,28,2,2026-06-19;2026-07-03,0,0,,0,,93.333333,REVIEW,2 expected trading days are missing.,
IAU,2026-06-09,2026-07-20,30,28,2,2026-06-19;2026-07-03,0,0,,0,,93.333333,REVIEW,2 expected trading days are missing.,
IBB,2026-06-09,2026-07-20,30,28,2,2026-06-19;2026-07-03,0,0,,0,,93.333333,REVIEW,2 expected trading days are missing.,
IBIT,2026-06-09,2026-07-20,30,28,2,2026-06-19;2026-07-03,0,0,,0,,93.333333,REVIEW,2 expected trading days are missing.,
IBKR,2026-06-09,2026-07-20,30,28,2,2026-06-19;2026-07-03,0,0,,0,,93.333333,REVIEW,2 expected trading days are missing.,
IBM,2026-06-09,2026-07-20,30,28,2,2026-06-19;2026-07-03,0,0,,0,,93.333333,REVIEW,2 expected trading days are missing.,
ICE,2026-06-09,2026-07-20,30,28,2,2026-06-19;2026-07-03,0,0,,0,,93.333333,REVIEW,2 expected trading days are missing.,
ICLN,2026-06-09,2026-07-20,30,28,2,2026-06-19;2026-07-03,0,0,,0,,93.333333,REVIEW,2 expected trading days are missing.,
IDXX,2026-06-09,2026-07-20,30,28,2,2026-06-19;2026-07-03,0,0,,0,,93.333333,REVIEW,2 expected trading days are missing.,
IEF,2026-06-09,2026-07-20,30,28,2,2026-06-19;2026-07-03,0,0,,0,,93.333333,REVIEW,2 expected trading days are missing.,
IEX,2026-06-09,2026-07-20,30,28,2,2026-06-19;2026-07-03,0,0,,0,,93.333333,REVIEW,2 expected trading days are missing.,
IFF,2026-06-09,2026-07-20,30,28,2,2026-06-19;2026-07-03,0,0,,0,,93.333333,REVIEW,2 expected trading days are missing.,
IGV,2026-06-09,2026-07-20,30,28,2,2026-06-19;2026-07-03,0,0,,0,,93.333333,REVIEW,2 expected trading days are missing.,
IHI,2026-06-09,2026-07-20,30,28,2,2026-06-19;2026-07-03,0,0,,0,,93.333333,REVIEW,2 expected trading days are missing.,
INCY,2026-06-09,2026-07-20,30,28,2,2026-06-19;2026-07-03,0,0,,0,,93.333333,REVIEW,2 expected trading days are missing.,
INDA,2026-06-09,2026-07-20,30,28,2,2026-06-19;2026-07-03,0,0,,0,,93.333333,REVIEW,2 expected trading days are missing.,
INTC,2026-06-09,2026-07-20,30,28,2,2026-06-19;2026-07-03,0,0,,0,,93.333333,REVIEW,2 expected trading days are missing.,
INTU,2026-06-09,2026-07-20,30,28,2,2026-06-19;2026-07-03,0,0,,0,,93.333333,REVIEW,2 expected trading days are missing.,
INVH,2026-06-09,2026-07-20,30,28,2,2026-06-19;2026-07-03,0,0,,0,,93.333333,REVIEW,2 expected trading days are missing.,
IP,2026-06-09,2026-07-20,30,28,2,2026-06-19;2026-07-03,0,0,,0,,93.333333,REVIEW,2 expected trading days are missing.,
IQV,2026-06-09,2026-07-20,30,28,2,2026-06-19;2026-07-03,0,0,,0,,93.333333,REVIEW,2 expected trading days are missing.,
IR,2026-06-09,2026-07-20,30,28,2,2026-06-19;2026-07-03,0,0,,0,,93.333333,REVIEW,2 expected trading days are missing.,
IRM,2026-06-09,2026-07-20,30,28,2,2026-06-19;2026-07-03,0,0,,0,,93.333333,REVIEW,2 expected trading days are missing.,
ISRG,2026-06-09,2026-07-20,30,28,2,2026-06-19;2026-07-03,0,0,,0,,93.333333,REVIEW,2 expected trading days are missing.,
IT,2026-06-09,2026-07-20,30,28,2,2026-06-19;2026-07-03,0,0,,0,,93.333333,REVIEW,2 expected trading days are missing.,
ITB,2026-06-09,2026-07-20,30,28,2,2026-06-19;2026-07-03,0,0,,0,,93.333333,REVIEW,2 expected trading days are missing.,
ITOT,2026-06-09,2026-07-20,30,28,2,2026-06-19;2026-07-03,0,0,,0,,93.333333,REVIEW,2 expected trading days are missing.,
ITW,2026-06-09,2026-07-20,30,28,2,2026-06-19;2026-07-03,0,0,,0,,93.333333,REVIEW,2 expected trading days are missing.,
IVV,2026-06-09,2026-07-20,30,28,2,2026-06-19;2026-07-03,0,0,,0,,93.333333,REVIEW,2 expected trading days are missing.,
IVZ,2026-06-09,2026-07-20,30,28,2,2026-06-19;2026-07-03,0,0,,0,,93.333333,REVIEW,2 expected trading days are missing.,
IWD,2026-06-09,2026-07-20,30,28,2,2026-06-19;2026-07-03,0,0,,0,,93.333333,REVIEW,2 expected trading days are missing.,
IWF,2026-06-09,2026-07-20,30,28,2,2026-06-19;2026-07-03,0,0,,0,,93.333333,REVIEW,2 expected trading days are missing.,
IWM,2026-06-09,2026-07-20,30,28,2,2026-06-19;2026-07-03,0,0,,0,,93.333333,REVIEW,2 expected trading days are missing.,
IYR,2026-06-09,2026-07-20,30,28,2,2026-06-19;2026-07-03,0,0,,0,,93.333333,REVIEW,2 expected trading days are missing.,
J,2026-06-09,2026-07-20,30,28,2,2026-06-19;2026-07-03,0,0,,0,,93.333333,REVIEW,2 expected trading days are missing.,
JBHT,2026-06-09,2026-07-20,30,28,2,2026-06-19;2026-07-03,0,0,,0,,93.333333,REVIEW,2 expected trading days are missing.,
JBL,2026-06-09,2026-07-20,30,28,2,2026-06-19;2026-07-03,0,0,,0,,93.333333,REVIEW,2 expected trading days are missing.,
JCI,2026-06-09,2026-07-20,30,28,2,2026-06-19;2026-07-03,0,0,,0,,93.333333,REVIEW,2 expected trading days are missing.,
JEPI,2026-06-09,2026-07-20,30,28,2,2026-06-19;2026-07-03,0,0,,0,,93.333333,REVIEW,2 expected trading days are missing.,
JEPQ,2026-06-09,2026-07-20,30,28,2,2026-06-19;2026-07-03,0,0,,0,,93.333333,REVIEW,2 expected trading days are missing.,
JETS,2026-06-09,2026-07-20,30,28,2,2026-06-19;2026-07-03,0,0,,0,,93.333333,REVIEW,2 expected trading days are missing.,
JKHY,2026-06-09,2026-07-20,30,28,2,2026-06-19;2026-07-03,0,0,,0,,93.333333,REVIEW,2 expected trading days are missing.,
JNJ,2026-06-09,2026-07-20,30,28,2,2026-06-19;2026-07-03,0,0,,0,,93.333333,REVIEW,2 expected trading days are missing.,
JPM,2026-06-09,2026-07-20,30,28,2,2026-06-19;2026-07-03,0,0,,0,,93.333333,REVIEW,2 expected trading days are missing.,
KBE,2026-06-09,2026-07-20,30,28,2,2026-06-19;2026-07-03,0,0,,0,,93.333333,REVIEW,2 expected trading days are missing.,
KDP,2026-06-09,2026-07-20,30,28,2,2026-06-19;2026-07-03,0,0,,0,,93.333333,REVIEW,2 expected trading days are missing.,
KEY,2026-06-09,2026-07-20,30,28,2,2026-06-19;2026-07-03,0,0,,0,,93.333333,REVIEW,2 expected trading days are missing.,
KEYS,2026-06-09,2026-07-20,30,28,2,2026-06-19;2026-07-03,0,0,,0,,93.333333,REVIEW,2 expected trading days are missing.,
KHC,2026-06-09,2026-07-20,30,28,2,2026-06-19;2026-07-03,0,0,,0,,93.333333,REVIEW,2 expected trading days are missing.,
KIM,2026-06-09,2026-07-20,30,28,2,2026-06-19;2026-07-03,0,0,,0,,93.333333,REVIEW,2 expected trading days are missing.,
KKR,2026-06-09,2026-07-20,30,28,2,2026-06-19;2026-07-03,0,0,,0,,93.333333,REVIEW,2 expected trading days are missing.,
KLAC,2026-06-09,2026-07-20,30,28,2,2026-06-19;2026-07-03,0,0,,0,,93.333333,REVIEW,2 expected trading days are missing.,
KMB,2026-06-09,2026-07-20,30,28,2,2026-06-19;2026-07-03,0,0,,0,,93.333333,REVIEW,2 expected trading days are missing.,
KMI,2026-06-09,2026-07-20,30,28,2,2026-06-19;2026-07-03,0,0,,0,,93.333333,REVIEW,2 expected trading days are missing.,
KO,2026-06-09,2026-07-20,30,28,2,2026-06-19;2026-07-03,0,0,,0,,93.333333,REVIEW,2 expected trading days are missing.,
KR,2026-06-09,2026-07-20,30,28,2,2026-06-19;2026-07-03,0,0,,0,,93.333333,REVIEW,2 expected trading days are missing.,
KRE,2026-06-09,2026-07-20,30,28,2,2026-06-19;2026-07-03,0,0,,0,,93.333333,REVIEW,2 expected trading days are missing.,
KVUE,2026-06-09,2026-07-20,30,28,2,2026-06-19;2026-07-03,0,0,,0,,93.333333,REVIEW,2 expected trading days are missing.,
KWEB,2026-06-09,2026-07-20,30,28,2,2026-06-19;2026-07-03,0,0,,0,,93.333333,REVIEW,2 expected trading days are missing.,
L,2026-06-09,2026-07-20,30,28,2,2026-06-19;2026-07-03,0,0,,0,,93.333333,REVIEW,2 expected trading days are missing.,
LDOS,2026-06-09,2026-07-20,30,28,2,2026-06-19;2026-07-03,0,0,,0,,93.333333,REVIEW,2 expected trading days are missing.,
LEN,2026-06-09,2026-07-20,30,28,2,2026-06-19;2026-07-03,0,0,,0,,93.333333,REVIEW,2 expected trading days are missing.,
LH,2026-06-09,2026-07-20,30,28,2,2026-06-19;2026-07-03,0,0,,0,,93.333333,REVIEW,2 expected trading days are missing.,
LHX,2026-06-09,2026-07-20,30,28,2,2026-06-19;2026-07-03,0,0,,0,,93.333333,REVIEW,2 expected trading days are missing.,
LII,2026-06-09,2026-07-20,30,28,2,2026-06-19;2026-07-03,0,0,,0,,93.333333,REVIEW,2 expected trading days are missing.,
LIN,2026-06-09,2026-07-20,30,28,2,2026-06-19;2026-07-03,0,0,,0,,93.333333,REVIEW,2 expected trading days are missing.,
LITE,2026-06-09,2026-07-20,30,28,2,2026-06-19;2026-07-03,0,0,,0,,93.333333,REVIEW,2 expected trading days are missing.,
LLY,2026-06-09,2026-07-20,30,28,2,2026-06-19;2026-07-03,0,0,,0,,93.333333,REVIEW,2 expected trading days are missing.,
LMT,2026-06-09,2026-07-20,30,28,2,2026-06-19;2026-07-03,0,0,,0,,93.333333,REVIEW,2 expected trading days are missing.,
LNT,2026-06-09,2026-07-20,30,28,2,2026-06-19;2026-07-03,0,0,,0,,93.333333,REVIEW,2 expected trading days are missing.,
LOW,2026-06-09,2026-07-20,30,28,2,2026-06-19;2026-07-03,0,0,,0,,93.333333,REVIEW,2 expected trading days are missing.,
LQD,2026-06-09,2026-07-20,30,28,2,2026-06-19;2026-07-03,0,0,,0,,93.333333,REVIEW,2 expected trading days are missing.,
LRCX,2026-06-09,2026-07-20,30,28,2,2026-06-19;2026-07-03,0,0,,0,,93.333333,REVIEW,2 expected trading days are missing.,
LULU,2026-06-09,2026-07-20,30,28,2,2026-06-19;2026-07-03,0,0,,0,,93.333333,REVIEW,2 expected trading days are missing.,
LUV,2026-06-09,2026-07-20,30,28,2,2026-06-19;2026-07-03,0,0,,0,,93.333333,REVIEW,2 expected trading days are missing.,
LVS,2026-06-09,2026-07-20,30,28,2,2026-06-19;2026-07-03,0,0,,0,,93.333333,REVIEW,2 expected trading days are missing.,
LYB,2026-06-09,2026-07-20,30,28,2,2026-06-19;2026-07-03,0,0,,0,,93.333333,REVIEW,2 expected trading days are missing.,
LYV,2026-06-09,2026-07-20,30,28,2,2026-06-19;2026-07-03,0,0,,0,,93.333333,REVIEW,2 expected trading days are missing.,
MA,2026-06-09,2026-07-20,30,28,2,2026-06-19;2026-07-03,0,0,,0,,93.333333,REVIEW,2 expected trading days are missing.,
MAA,2026-06-09,2026-07-20,30,28,2,2026-06-19;2026-07-03,0,0,,0,,93.333333,REVIEW,2 expected trading days are missing.,
MAR,2026-06-09,2026-07-20,30,28,2,2026-06-19;2026-07-03,0,0,,0,,93.333333,REVIEW,2 expected trading days are missing.,
MAS,2026-06-09,2026-07-20,30,28,2,2026-06-19;2026-07-03,0,0,,0,,93.333333,REVIEW,2 expected trading days are missing.,
MCD,2026-06-09,2026-07-20,30,28,2,2026-06-19;2026-07-03,0,0,,0,,93.333333,REVIEW,2 expected trading days are missing.,
MCHP,2026-06-09,2026-07-20,30,28,2,2026-06-19;2026-07-03,0,0,,0,,93.333333,REVIEW,2 expected trading days are missing.,
MCK,2026-06-09,2026-07-20,30,28,2,2026-06-19;2026-07-03,0,0,,0,,93.333333,REVIEW,2 expected trading days are missing.,
MCO,2026-06-09,2026-07-20,30,28,2,2026-06-19;2026-07-03,0,0,,0,,93.333333,REVIEW,2 expected trading days are missing.,
MDLZ,2026-06-09,2026-07-20,30,28,2,2026-06-19;2026-07-03,0,0,,0,,93.333333,REVIEW,2 expected trading days are missing.,
MDT,2026-06-09,2026-07-20,30,28,2,2026-06-19;2026-07-03,0,0,,0,,93.333333,REVIEW,2 expected trading days are missing.,
MELI,2026-06-09,2026-07-20,30,28,2,2026-06-19;2026-07-03,0,0,,0,,93.333333,REVIEW,2 expected trading days are missing.,
MET,2026-06-09,2026-07-20,30,28,2,2026-06-19;2026-07-03,0,0,,0,,93.333333,REVIEW,2 expected trading days are missing.,
META,2026-06-09,2026-07-20,30,28,2,2026-06-19;2026-07-03,0,0,,0,,93.333333,REVIEW,2 expected trading days are missing.,
MGM,2026-06-09,2026-07-20,30,28,2,2026-06-19;2026-07-03,0,0,,0,,93.333333,REVIEW,2 expected trading days are missing.,
MKC,2026-06-09,2026-07-20,30,28,2,2026-06-19;2026-07-03,0,0,,0,,93.333333,REVIEW,2 expected trading days are missing.,
MLM,2026-06-09,2026-07-20,30,28,2,2026-06-19;2026-07-03,0,0,,0,,93.333333,REVIEW,2 expected trading days are missing.,
MMM,2026-06-09,2026-07-20,30,28,2,2026-06-19;2026-07-03,0,0,,0,,93.333333,REVIEW,2 expected trading days are missing.,
MNST,2026-06-09,2026-07-20,30,28,2,2026-06-19;2026-07-03,0,0,,0,,93.333333,REVIEW,2 expected trading days are missing.,
MO,2026-06-09,2026-07-20,30,28,2,2026-06-19;2026-07-03,0,0,,0,,93.333333,REVIEW,2 expected trading days are missing.,
MOS,2026-06-09,2026-07-20,30,28,2,2026-06-19;2026-07-03,0,0,,0,,93.333333,REVIEW,2 expected trading days are missing.,
MPC,2026-06-09,2026-07-20,30,28,2,2026-06-19;2026-07-03,0,0,,0,,93.333333,REVIEW,2 expected trading days are missing.,
MPWR,2026-06-09,2026-07-20,30,28,2,2026-06-19;2026-07-03,0,0,,0,,93.333333,REVIEW,2 expected trading days are missing.,
MRK,2026-06-09,2026-07-20,30,28,2,2026-06-19;2026-07-03,0,0,,0,,93.333333,REVIEW,2 expected trading days are missing.,
MRNA,2026-06-09,2026-07-20,30,28,2,2026-06-19;2026-07-03,0,0,,0,,93.333333,REVIEW,2 expected trading days are missing.,
MRSH,2026-06-09,2026-07-20,30,28,2,2026-06-19;2026-07-03,0,0,,0,,93.333333,REVIEW,2 expected trading days are missing.,
MRVL,2026-06-09,2026-07-20,30,28,2,2026-06-19;2026-07-03,0,0,,0,,93.333333,REVIEW,2 expected trading days are missing.,
MS,2026-06-09,2026-07-20,30,28,2,2026-06-19;2026-07-03,0,0,,0,,93.333333,REVIEW,2 expected trading days are missing.,
MSCI,2026-06-09,2026-07-20,30,28,2,2026-06-19;2026-07-03,0,0,,0,,93.333333,REVIEW,2 expected trading days are missing.,
MSFT,2026-06-09,2026-07-20,30,28,2,2026-06-19;2026-07-03,0,0,,0,,93.333333,REVIEW,2 expected trading days are missing.,
MSI,2026-06-09,2026-07-20,30,28,2,2026-06-19;2026-07-03,0,0,,0,,93.333333,REVIEW,2 expected trading days are missing.,
MSTR,2026-06-09,2026-07-20,30,28,2,2026-06-19;2026-07-03,0,0,,0,,93.333333,REVIEW,2 expected trading days are missing.,
MTB,2026-06-09,2026-07-20,30,28,2,2026-06-19;2026-07-03,0,0,,0,,93.333333,REVIEW,2 expected trading days are missing.,
MTD,2026-06-09,2026-07-20,30,28,2,2026-06-19;2026-07-03,0,0,,0,,93.333333,REVIEW,2 expected trading days are missing.,
MTUM,2026-06-09,2026-07-20,30,28,2,2026-06-19;2026-07-03,0,0,,0,,93.333333,REVIEW,2 expected trading days are missing.,
MU,2026-06-09,2026-07-20,30,28,2,2026-06-19;2026-07-03,0,0,,0,,93.333333,REVIEW,2 expected trading days are missing.,
NBIS,2026-06-09,2026-07-20,30,28,2,2026-06-19;2026-07-03,0,0,,0,,93.333333,REVIEW,2 expected trading days are missing.,
NCLH,2026-06-09,2026-07-20,30,28,2,2026-06-19;2026-07-03,0,0,,0,,93.333333,REVIEW,2 expected trading days are missing.,
NDAQ,2026-06-09,2026-07-20,30,28,2,2026-06-19;2026-07-03,0,0,,0,,93.333333,REVIEW,2 expected trading days are missing.,
NDSN,2026-06-09,2026-07-20,30,28,2,2026-06-19;2026-07-03,0,0,,0,,93.333333,REVIEW,2 expected trading days are missing.,
NEE,2026-06-09,2026-07-20,30,28,2,2026-06-19;2026-07-03,0,0,,0,,93.333333,REVIEW,2 expected trading days are missing.,
NEM,2026-06-09,2026-07-20,30,28,2,2026-06-19;2026-07-03,0,0,,0,,93.333333,REVIEW,2 expected trading days are missing.,
NFLX,2026-06-09,2026-07-20,30,28,2,2026-06-19;2026-07-03,0,0,,0,,93.333333,REVIEW,2 expected trading days are missing.,
NI,2026-06-09,2026-07-20,30,28,2,2026-06-19;2026-07-03,0,0,,0,,93.333333,REVIEW,2 expected trading days are missing.,
NKE,2026-06-09,2026-07-20,30,28,2,2026-06-19;2026-07-03,0,0,,0,,93.333333,REVIEW,2 expected trading days are missing.,
NOC,2026-06-09,2026-07-20,30,28,2,2026-06-19;2026-07-03,0,0,,0,,93.333333,REVIEW,2 expected trading days are missing.,
NOW,2026-06-09,2026-07-20,30,28,2,2026-06-19;2026-07-03,0,0,,0,,93.333333,REVIEW,2 expected trading days are missing.,
NRG,2026-06-09,2026-07-20,30,28,2,2026-06-19;2026-07-03,0,0,,0,,93.333333,REVIEW,2 expected trading days are missing.,
NSC,2026-06-09,2026-07-20,30,28,2,2026-06-19;2026-07-03,0,0,,0,,93.333333,REVIEW,2 expected trading days are missing.,
NTAP,2026-06-09,2026-07-20,30,28,2,2026-06-19;2026-07-03,0,0,,0,,93.333333,REVIEW,2 expected trading days are missing.,
NTRS,2026-06-09,2026-07-20,30,28,2,2026-06-19;2026-07-03,0,0,,0,,93.333333,REVIEW,2 expected trading days are missing.,
NUE,2026-06-09,2026-07-20,30,28,2,2026-06-19;2026-07-03,0,0,,0,,93.333333,REVIEW,2 expected trading days are missing.,
NVDA,2026-06-09,2026-07-20,30,28,2,2026-06-19;2026-07-03,0,0,,0,,93.333333,REVIEW,2 expected trading days are missing.,
NVR,2026-06-09,2026-07-20,30,28,2,2026-06-19;2026-07-03,0,0,,0,,93.333333,REVIEW,2 expected trading days are missing.,
NWS,2026-06-09,2026-07-20,30,28,2,2026-06-19;2026-07-03,0,0,,0,,93.333333,REVIEW,2 expected trading days are missing.,
NWSA,2026-06-09,2026-07-20,30,28,2,2026-06-19;2026-07-03,0,0,,0,,93.333333,REVIEW,2 expected trading days are missing.,
NXPI,2026-06-09,2026-07-20,30,28,2,2026-06-19;2026-07-03,0,0,,0,,93.333333,REVIEW,2 expected trading days are missing.,
O,2026-06-09,2026-07-20,30,28,2,2026-06-19;2026-07-03,0,0,,0,,93.333333,REVIEW,2 expected trading days are missing.,
ODFL,2026-06-09,2026-07-20,30,28,2,2026-06-19;2026-07-03,0,0,,0,,93.333333,REVIEW,2 expected trading days are missing.,
OIH,2026-06-09,2026-07-20,30,28,2,2026-06-19;2026-07-03,0,0,,0,,93.333333,REVIEW,2 expected trading days are missing.,
OKE,2026-06-09,2026-07-20,30,28,2,2026-06-19;2026-07-03,0,0,,0,,93.333333,REVIEW,2 expected trading days are missing.,
OMC,2026-06-09,2026-07-20,30,28,2,2026-06-19;2026-07-03,0,0,,0,,93.333333,REVIEW,2 expected trading days are missing.,
ON,2026-06-09,2026-07-20,30,28,2,2026-06-19;2026-07-03,0,0,,0,,93.333333,REVIEW,2 expected trading days are missing.,
ORCL,2026-06-09,2026-07-20,30,28,2,2026-06-19;2026-07-03,0,0,,0,,93.333333,REVIEW,2 expected trading days are missing.,
ORLY,2026-06-09,2026-07-20,30,28,2,2026-06-19;2026-07-03,0,0,,0,,93.333333,REVIEW,2 expected trading days are missing.,
OTIS,2026-06-09,2026-07-20,30,28,2,2026-06-19;2026-07-03,0,0,,0,,93.333333,REVIEW,2 expected trading days are missing.,
OXY,2026-06-09,2026-07-20,30,28,2,2026-06-19;2026-07-03,0,0,,0,,93.333333,REVIEW,2 expected trading days are missing.,
PANW,2026-06-09,2026-07-20,30,28,2,2026-06-19;2026-07-03,0,0,,0,,93.333333,REVIEW,2 expected trading days are missing.,
PAYX,2026-06-09,2026-07-20,30,28,2,2026-06-19;2026-07-03,0,0,,0,,93.333333,REVIEW,2 expected trading days are missing.,
PCAR,2026-06-09,2026-07-20,30,28,2,2026-06-19;2026-07-03,0,0,,0,,93.333333,REVIEW,2 expected trading days are missing.,
PCG,2026-06-09,2026-07-20,30,28,2,2026-06-19;2026-07-03,0,0,,0,,93.333333,REVIEW,2 expected trading days are missing.,
PDD,2026-06-09,2026-07-20,30,28,2,2026-06-19;2026-07-03,0,0,,0,,93.333333,REVIEW,2 expected trading days are missing.,
PEG,2026-06-09,2026-07-20,30,28,2,2026-06-19;2026-07-03,0,0,,0,,93.333333,REVIEW,2 expected trading days are missing.,
PEP,2026-06-09,2026-07-20,30,28,2,2026-06-19;2026-07-03,0,0,,0,,93.333333,REVIEW,2 expected trading days are missing.,
PFE,2026-06-09,2026-07-20,30,28,2,2026-06-19;2026-07-03,0,0,,0,,93.333333,REVIEW,2 expected trading days are missing.,
PFG,2026-06-09,2026-07-20,30,28,2,2026-06-19;2026-07-03,0,0,,0,,93.333333,REVIEW,2 expected trading days are missing.,
PG,2026-06-09,2026-07-20,30,28,2,2026-06-19;2026-07-03,0,0,,0,,93.333333,REVIEW,2 expected trading days are missing.,
PGR,2026-06-09,2026-07-20,30,28,2,2026-06-19;2026-07-03,0,0,,0,,93.333333,REVIEW,2 expected trading days are missing.,
PH,2026-06-09,2026-07-20,30,28,2,2026-06-19;2026-07-03,0,0,,0,,93.333333,REVIEW,2 expected trading days are missing.,
PHM,2026-06-09,2026-07-20,30,28,2,2026-06-19;2026-07-03,0,0,,0,,93.333333,REVIEW,2 expected trading days are missing.,
PKG,2026-06-09,2026-07-20,30,28,2,2026-06-19;2026-07-03,0,0,,0,,93.333333,REVIEW,2 expected trading days are missing.,
PLD,2026-06-09,2026-07-20,30,28,2,2026-06-19;2026-07-03,0,0,,0,,93.333333,REVIEW,2 expected trading days are missing.,
PLTR,2026-06-09,2026-07-20,30,28,2,2026-06-19;2026-07-03,0,0,,0,,93.333333,REVIEW,2 expected trading days are missing.,
PM,2026-06-09,2026-07-20,30,28,2,2026-06-19;2026-07-03,0,0,,0,,93.333333,REVIEW,2 expected trading days are missing.,
PNC,2026-06-09,2026-07-20,30,28,2,2026-06-19;2026-07-03,0,0,,0,,93.333333,REVIEW,2 expected trading days are missing.,
PNR,2026-06-09,2026-07-20,30,28,2,2026-06-19;2026-07-03,0,0,,0,,93.333333,REVIEW,2 expected trading days are missing.,
PNW,2026-06-09,2026-07-20,30,28,2,2026-06-19;2026-07-03,0,0,,0,,93.333333,REVIEW,2 expected trading days are missing.,
PODD,2026-06-09,2026-07-20,30,28,2,2026-06-19;2026-07-03,0,0,,0,,93.333333,REVIEW,2 expected trading days are missing.,
PPG,2026-06-09,2026-07-20,30,28,2,2026-06-19;2026-07-03,0,0,,0,,93.333333,REVIEW,2 expected trading days are missing.,
PPL,2026-06-09,2026-07-20,30,28,2,2026-06-19;2026-07-03,0,0,,0,,93.333333,REVIEW,2 expected trading days are missing.,
PRU,2026-06-09,2026-07-20,30,28,2,2026-06-19;2026-07-03,0,0,,0,,93.333333,REVIEW,2 expected trading days are missing.,
PSA,2026-06-09,2026-07-20,30,28,2,2026-06-19;2026-07-03,0,0,,0,,93.333333,REVIEW,2 expected trading days are missing.,
PSKY,2026-06-09,2026-07-20,30,28,2,2026-06-19;2026-07-03,0,0,,0,,93.333333,REVIEW,2 expected trading days are missing.,
PSX,2026-06-09,2026-07-20,30,28,2,2026-06-19;2026-07-03,0,0,,0,,93.333333,REVIEW,2 expected trading days are missing.,
PTC,2026-06-09,2026-07-20,30,28,2,2026-06-19;2026-07-03,0,0,,0,,93.333333,REVIEW,2 expected trading days are missing.,
PWR,2026-06-09,2026-07-20,30,28,2,2026-06-19;2026-07-03,0,0,,0,,93.333333,REVIEW,2 expected trading days are missing.,
PYPL,2026-06-09,2026-07-20,30,28,2,2026-06-19;2026-07-03,0,0,,0,,93.333333,REVIEW,2 expected trading days are missing.,
Q,2026-06-09,2026-07-20,30,28,2,2026-06-19;2026-07-03,0,0,,0,,93.333333,REVIEW,2 expected trading days are missing.,
QCOM,2026-06-09,2026-07-20,30,28,2,2026-06-19;2026-07-03,0,0,,0,,93.333333,REVIEW,2 expected trading days are missing.,
QQQ,2026-06-09,2026-07-20,30,28,2,2026-06-19;2026-07-03,0,0,,0,,93.333333,REVIEW,2 expected trading days are missing.,
QQQM,2026-06-09,2026-07-20,30,28,2,2026-06-19;2026-07-03,0,0,,0,,93.333333,REVIEW,2 expected trading days are missing.,
QUAL,2026-06-09,2026-07-20,30,28,2,2026-06-19;2026-07-03,0,0,,0,,93.333333,REVIEW,2 expected trading days are missing.,
RCL,2026-06-09,2026-07-20,30,28,2,2026-06-19;2026-07-03,0,0,,0,,93.333333,REVIEW,2 expected trading days are missing.,
REG,2026-06-09,2026-07-20,30,28,2,2026-06-19;2026-07-03,0,0,,0,,93.333333,REVIEW,2 expected trading days are missing.,
REGN,2026-06-09,2026-07-20,30,28,2,2026-06-19;2026-07-03,0,0,,0,,93.333333,REVIEW,2 expected trading days are missing.,
RF,2026-06-09,2026-07-20,30,28,2,2026-06-19;2026-07-03,0,0,,0,,93.333333,REVIEW,2 expected trading days are missing.,
RJF,2026-06-09,2026-07-20,30,28,2,2026-06-19;2026-07-03,0,0,,0,,93.333333,REVIEW,2 expected trading days are missing.,
RKLB,2026-06-09,2026-07-20,30,28,2,2026-06-19;2026-07-03,0,0,,0,,93.333333,REVIEW,2 expected trading days are missing.,
RL,2026-06-09,2026-07-20,30,28,2,2026-06-19;2026-07-03,0,0,,0,,93.333333,REVIEW,2 expected trading days are missing.,
RMD,2026-06-09,2026-07-20,30,28,2,2026-06-19;2026-07-03,0,0,,0,,93.333333,REVIEW,2 expected trading days are missing.,
ROK,2026-06-09,2026-07-20,30,28,2,2026-06-19;2026-07-03,0,0,,0,,93.333333,REVIEW,2 expected trading days are missing.,
ROL,2026-06-09,2026-07-20,30,28,2,2026-06-19;2026-07-03,0,0,,0,,93.333333,REVIEW,2 expected trading days are missing.,
ROP,2026-06-09,2026-07-20,30,28,2,2026-06-19;2026-07-03,0,0,,0,,93.333333,REVIEW,2 expected trading days are missing.,
ROST,2026-06-09,2026-07-20,30,28,2,2026-06-19;2026-07-03,0,0,,0,,93.333333,REVIEW,2 expected trading days are missing.,
RSG,2026-06-09,2026-07-20,30,28,2,2026-06-19;2026-07-03,0,0,,0,,93.333333,REVIEW,2 expected trading days are missing.,
RSP,2026-06-09,2026-07-20,30,28,2,2026-06-19;2026-07-03,0,0,,0,,93.333333,REVIEW,2 expected trading days are missing.,
RTX,2026-06-09,2026-07-20,30,28,2,2026-06-19;2026-07-03,0,0,,0,,93.333333,REVIEW,2 expected trading days are missing.,
RVTY,2026-06-09,2026-07-20,30,28,2,2026-06-19;2026-07-03,0,0,,0,,93.333333,REVIEW,2 expected trading days are missing.,
SBAC,2026-06-09,2026-07-20,30,28,2,2026-06-19;2026-07-03,0,0,,0,,93.333333,REVIEW,2 expected trading days are missing.,
SBUX,2026-06-09,2026-07-20,30,28,2,2026-06-19;2026-07-03,0,0,,0,,93.333333,REVIEW,2 expected trading days are missing.,
SCHB,2026-06-09,2026-07-20,30,28,2,2026-06-19;2026-07-03,0,0,,0,,93.333333,REVIEW,2 expected trading days are missing.,
SCHD,2026-06-09,2026-07-20,30,28,2,2026-06-19;2026-07-03,0,0,,0,,93.333333,REVIEW,2 expected trading days are missing.,
SCHW,2026-06-09,2026-07-20,30,28,2,2026-06-19;2026-07-03,0,0,,0,,93.333333,REVIEW,2 expected trading days are missing.,
SHOP,2026-06-09,2026-07-20,30,28,2,2026-06-19;2026-07-03,0,0,,0,,93.333333,REVIEW,2 expected trading days are missing.,
SHW,2026-06-09,2026-07-20,30,28,2,2026-06-19;2026-07-03,0,0,,0,,93.333333,REVIEW,2 expected trading days are missing.,
SHY,2026-06-09,2026-07-20,30,28,2,2026-06-19;2026-07-03,0,0,,0,,93.333333,REVIEW,2 expected trading days are missing.,
SJM,2026-06-09,2026-07-20,30,28,2,2026-06-19;2026-07-03,0,0,,0,,93.333333,REVIEW,2 expected trading days are missing.,
SKYY,2026-06-09,2026-07-20,30,28,2,2026-06-19;2026-07-03,0,0,,0,,93.333333,REVIEW,2 expected trading days are missing.,
SLB,2026-06-09,2026-07-20,30,28,2,2026-06-19;2026-07-03,0,0,,0,,93.333333,REVIEW,2 expected trading days are missing.,
SLV,2026-06-09,2026-07-20,30,28,2,2026-06-19;2026-07-03,0,0,,0,,93.333333,REVIEW,2 expected trading days are missing.,
SMCI,2026-06-09,2026-07-20,30,28,2,2026-06-19;2026-07-03,0,0,,0,,93.333333,REVIEW,2 expected trading days are missing.,
SMH,2026-06-09,2026-07-20,30,28,2,2026-06-19;2026-07-03,0,0,,0,,93.333333,REVIEW,2 expected trading days are missing.,
SNA,2026-06-09,2026-07-20,30,28,2,2026-06-19;2026-07-03,0,0,,0,,93.333333,REVIEW,2 expected trading days are missing.,
SNDK,2026-06-09,2026-07-20,30,28,2,2026-06-19;2026-07-03,0,0,,0,,93.333333,REVIEW,2 expected trading days are missing.,
SNPS,2026-06-09,2026-07-20,30,28,2,2026-06-19;2026-07-03,0,0,,0,,93.333333,REVIEW,2 expected trading days are missing.,
SO,2026-06-09,2026-07-20,30,28,2,2026-06-19;2026-07-03,0,0,,0,,93.333333,REVIEW,2 expected trading days are missing.,
SOLV,2026-06-09,2026-07-20,30,28,2,2026-06-19;2026-07-03,0,0,,0,,93.333333,REVIEW,2 expected trading days are missing.,
SOXX,2026-06-09,2026-07-20,30,28,2,2026-06-19;2026-07-03,0,0,,0,,93.333333,REVIEW,2 expected trading days are missing.,
SPG,2026-06-09,2026-07-20,30,28,2,2026-06-19;2026-07-03,0,0,,0,,93.333333,REVIEW,2 expected trading days are missing.,
SPGI,2026-06-09,2026-07-20,30,28,2,2026-06-19;2026-07-03,0,0,,0,,93.333333,REVIEW,2 expected trading days are missing.,
SPXU,2026-06-09,2026-07-20,30,28,2,2026-06-19;2026-07-03,0,0,,0,,93.333333,REVIEW,2 expected trading days are missing.,
SPY,2026-06-09,2026-07-20,30,28,2,2026-06-19;2026-07-03,0,0,,0,,93.333333,REVIEW,2 expected trading days are missing.,
SQQQ,2026-06-09,2026-07-20,30,28,2,2026-06-19;2026-07-03,0,0,,0,,93.333333,REVIEW,2 expected trading days are missing.,
SRE,2026-06-09,2026-07-20,30,28,2,2026-06-19;2026-07-03,0,0,,0,,93.333333,REVIEW,2 expected trading days are missing.,
STE,2026-06-09,2026-07-20,30,28,2,2026-06-19;2026-07-03,0,0,,0,,93.333333,REVIEW,2 expected trading days are missing.,
STLD,2026-06-09,2026-07-20,30,28,2,2026-06-19;2026-07-03,0,0,,0,,93.333333,REVIEW,2 expected trading days are missing.,
STT,2026-06-09,2026-07-20,30,28,2,2026-06-19;2026-07-03,0,0,,0,,93.333333,REVIEW,2 expected trading days are missing.,
STX,2026-06-09,2026-07-20,30,28,2,2026-06-19;2026-07-03,0,0,,0,,93.333333,REVIEW,2 expected trading days are missing.,
STZ,2026-06-09,2026-07-20,30,28,2,2026-06-19;2026-07-03,0,0,,0,,93.333333,REVIEW,2 expected trading days are missing.,
SW,2026-06-09,2026-07-20,30,28,2,2026-06-19;2026-07-03,0,0,,0,,93.333333,REVIEW,2 expected trading days are missing.,
SWK,2026-06-09,2026-07-20,30,28,2,2026-06-19;2026-07-03,0,0,,0,,93.333333,REVIEW,2 expected trading days are missing.,
SWKS,2026-06-09,2026-07-20,30,28,2,2026-06-19;2026-07-03,0,0,,0,,93.333333,REVIEW,2 expected trading days are missing.,
SYF,2026-06-09,2026-07-20,30,28,2,2026-06-19;2026-07-03,0,0,,0,,93.333333,REVIEW,2 expected trading days are missing.,
SYK,2026-06-09,2026-07-20,30,28,2,2026-06-19;2026-07-03,0,0,,0,,93.333333,REVIEW,2 expected trading days are missing.,
SYY,2026-06-09,2026-07-20,30,28,2,2026-06-19;2026-07-03,0,0,,0,,93.333333,REVIEW,2 expected trading days are missing.,
T,2026-06-09,2026-07-20,30,28,2,2026-06-19;2026-07-03,0,0,,0,,93.333333,REVIEW,2 expected trading days are missing.,
TAN,2026-06-09,2026-07-20,30,28,2,2026-06-19;2026-07-03,0,0,,0,,93.333333,REVIEW,2 expected trading days are missing.,
TAP,2026-06-09,2026-07-20,30,28,2,2026-06-19;2026-07-03,0,0,,0,,93.333333,REVIEW,2 expected trading days are missing.,
TDG,2026-06-09,2026-07-20,30,28,2,2026-06-19;2026-07-03,0,0,,0,,93.333333,REVIEW,2 expected trading days are missing.,
TDY,2026-06-09,2026-07-20,30,28,2,2026-06-19;2026-07-03,0,0,,0,,93.333333,REVIEW,2 expected trading days are missing.,
TECH,2026-06-09,2026-07-20,30,28,2,2026-06-19;2026-07-03,0,0,,0,,93.333333,REVIEW,2 expected trading days are missing.,
TEL,2026-06-09,2026-07-20,30,28,2,2026-06-19;2026-07-03,0,0,,0,,93.333333,REVIEW,2 expected trading days are missing.,
TER,2026-06-09,2026-07-20,30,28,2,2026-06-19;2026-07-03,0,0,,0,,93.333333,REVIEW,2 expected trading days are missing.,
TFC,2026-06-09,2026-07-20,30,28,2,2026-06-19;2026-07-03,0,0,,0,,93.333333,REVIEW,2 expected trading days are missing.,
TGT,2026-06-09,2026-07-20,30,28,2,2026-06-19;2026-07-03,0,0,,0,,93.333333,REVIEW,2 expected trading days are missing.,
TIP,2026-06-09,2026-07-20,30,28,2,2026-06-19;2026-07-03,0,0,,0,,93.333333,REVIEW,2 expected trading days are missing.,
TJX,2026-06-09,2026-07-20,30,28,2,2026-06-19;2026-07-03,0,0,,0,,93.333333,REVIEW,2 expected trading days are missing.,
TKO,2026-06-09,2026-07-20,30,28,2,2026-06-19;2026-07-03,0,0,,0,,93.333333,REVIEW,2 expected trading days are missing.,
TLT,2026-06-09,2026-07-20,30,28,2,2026-06-19;2026-07-03,0,0,,0,,93.333333,REVIEW,2 expected trading days are missing.,
TMO,2026-06-09,2026-07-20,30,28,2,2026-06-19;2026-07-03,0,0,,0,,93.333333,REVIEW,2 expected trading days are missing.,
TMUS,2026-06-09,2026-07-20,30,28,2,2026-06-19;2026-07-03,0,0,,0,,93.333333,REVIEW,2 expected trading days are missing.,
TPL,2026-06-09,2026-07-20,30,28,2,2026-06-19;2026-07-03,0,0,,0,,93.333333,REVIEW,2 expected trading days are missing.,
TPR,2026-06-09,2026-07-20,30,28,2,2026-06-19;2026-07-03,0,0,,0,,93.333333,REVIEW,2 expected trading days are missing.,
TQQQ,2026-06-09,2026-07-20,30,28,2,2026-06-19;2026-07-03,0,0,,0,,93.333333,REVIEW,2 expected trading days are missing.,
TRGP,2026-06-09,2026-07-20,30,28,2,2026-06-19;2026-07-03,0,0,,0,,93.333333,REVIEW,2 expected trading days are missing.,
TRI,2026-06-09,2026-07-20,30,28,2,2026-06-19;2026-07-03,0,0,,0,,93.333333,REVIEW,2 expected trading days are missing.,
TRMB,2026-06-09,2026-07-20,30,28,2,2026-06-19;2026-07-03,0,0,,0,,93.333333,REVIEW,2 expected trading days are missing.,
TROW,2026-06-09,2026-07-20,30,28,2,2026-06-19;2026-07-03,0,0,,0,,93.333333,REVIEW,2 expected trading days are missing.,
TRV,2026-06-09,2026-07-20,30,28,2,2026-06-19;2026-07-03,0,0,,0,,93.333333,REVIEW,2 expected trading days are missing.,
TSCO,2026-06-09,2026-07-20,30,28,2,2026-06-19;2026-07-03,0,0,,0,,93.333333,REVIEW,2 expected trading days are missing.,
TSLA,2026-06-09,2026-07-20,30,28,2,2026-06-19;2026-07-03,0,0,,0,,93.333333,REVIEW,2 expected trading days are missing.,
TSN,2026-06-09,2026-07-20,30,28,2,2026-06-19;2026-07-03,0,0,,0,,93.333333,REVIEW,2 expected trading days are missing.,
TT,2026-06-09,2026-07-20,30,28,2,2026-06-19;2026-07-03,0,0,,0,,93.333333,REVIEW,2 expected trading days are missing.,
TTD,2026-06-09,2026-07-20,30,28,2,2026-06-19;2026-07-03,0,0,,0,,93.333333,REVIEW,2 expected trading days are missing.,
TTWO,2026-06-09,2026-07-20,30,28,2,2026-06-19;2026-07-03,0,0,,0,,93.333333,REVIEW,2 expected trading days are missing.,
TXN,2026-06-09,2026-07-20,30,28,2,2026-06-19;2026-07-03,0,0,,0,,93.333333,REVIEW,2 expected trading days are missing.,
TXT,2026-06-09,2026-07-20,30,28,2,2026-06-19;2026-07-03,0,0,,0,,93.333333,REVIEW,2 expected trading days are missing.,
TYL,2026-06-09,2026-07-20,30,28,2,2026-06-19;2026-07-03,0,0,,0,,93.333333,REVIEW,2 expected trading days are missing.,
UAL,2026-06-09,2026-07-20,30,28,2,2026-06-19;2026-07-03,0,0,,0,,93.333333,REVIEW,2 expected trading days are missing.,
UBER,2026-06-09,2026-07-20,30,28,2,2026-06-19;2026-07-03,0,0,,0,,93.333333,REVIEW,2 expected trading days are missing.,
UDR,2026-06-09,2026-07-20,30,28,2,2026-06-19;2026-07-03,0,0,,0,,93.333333,REVIEW,2 expected trading days are missing.,
UHS,2026-06-09,2026-07-20,30,28,2,2026-06-19;2026-07-03,0,0,,0,,93.333333,REVIEW,2 expected trading days are missing.,
ULTA,2026-06-09,2026-07-20,30,28,2,2026-06-19;2026-07-03,0,0,,0,,93.333333,REVIEW,2 expected trading days are missing.,
UNG,2026-06-09,2026-07-20,30,28,2,2026-06-19;2026-07-03,0,0,,0,,93.333333,REVIEW,2 expected trading days are missing.,
UNH,2026-06-09,2026-07-20,30,28,2,2026-06-19;2026-07-03,0,0,,0,,93.333333,REVIEW,2 expected trading days are missing.,
UNP,2026-06-09,2026-07-20,30,28,2,2026-06-19;2026-07-03,0,0,,0,,93.333333,REVIEW,2 expected trading days are missing.,
UPRO,2026-06-09,2026-07-20,30,28,2,2026-06-19;2026-07-03,0,0,,0,,93.333333,REVIEW,2 expected trading days are missing.,
UPS,2026-06-09,2026-07-20,30,28,2,2026-06-19;2026-07-03,0,0,,0,,93.333333,REVIEW,2 expected trading days are missing.,
URI,2026-06-09,2026-07-20,30,28,2,2026-06-19;2026-07-03,0,0,,0,,93.333333,REVIEW,2 expected trading days are missing.,
USB,2026-06-09,2026-07-20,30,28,2,2026-06-19;2026-07-03,0,0,,0,,93.333333,REVIEW,2 expected trading days are missing.,
USMV,2026-06-09,2026-07-20,30,28,2,2026-06-19;2026-07-03,0,0,,0,,93.333333,REVIEW,2 expected trading days are missing.,
USO,2026-06-09,2026-07-20,30,28,2,2026-06-19;2026-07-03,0,0,,0,,93.333333,REVIEW,2 expected trading days are missing.,
UVXY,2026-06-09,2026-07-20,30,28,2,2026-06-19;2026-07-03,0,0,,0,,93.333333,REVIEW,2 expected trading days are missing.,
V,2026-06-09,2026-07-20,30,28,2,2026-06-19;2026-07-03,0,0,,0,,93.333333,REVIEW,2 expected trading days are missing.,
VEA,2026-06-09,2026-07-20,30,28,2,2026-06-19;2026-07-03,0,0,,0,,93.333333,REVIEW,2 expected trading days are missing.,
VEEV,2026-06-09,2026-07-20,30,28,2,2026-06-19;2026-07-03,0,0,,0,,93.333333,REVIEW,2 expected trading days are missing.,
VICI,2026-06-09,2026-07-20,30,28,2,2026-06-19;2026-07-03,0,0,,0,,93.333333,REVIEW,2 expected trading days are missing.,
VIG,2026-06-09,2026-07-20,30,28,2,2026-06-19;2026-07-03,0,0,,0,,93.333333,REVIEW,2 expected trading days are missing.,
VIXY,2026-06-09,2026-07-20,30,28,2,2026-06-19;2026-07-03,0,0,,0,,93.333333,REVIEW,2 expected trading days are missing.,
VLO,2026-06-09,2026-07-20,30,28,2,2026-06-19;2026-07-03,0,0,,0,,93.333333,REVIEW,2 expected trading days are missing.,
VLTO,2026-06-09,2026-07-20,30,28,2,2026-06-19;2026-07-03,0,0,,0,,93.333333,REVIEW,2 expected trading days are missing.,
VLUE,2026-06-09,2026-07-20,30,28,2,2026-06-19;2026-07-03,0,0,,0,,93.333333,REVIEW,2 expected trading days are missing.,
VMC,2026-06-09,2026-07-20,30,28,2,2026-06-19;2026-07-03,0,0,,0,,93.333333,REVIEW,2 expected trading days are missing.,
VNQ,2026-06-09,2026-07-20,30,28,2,2026-06-19;2026-07-03,0,0,,0,,93.333333,REVIEW,2 expected trading days are missing.,
VOO,2026-06-09,2026-07-20,30,28,2,2026-06-19;2026-07-03,0,0,,0,,93.333333,REVIEW,2 expected trading days are missing.,
VRSK,2026-06-09,2026-07-20,30,28,2,2026-06-19;2026-07-03,0,0,,0,,93.333333,REVIEW,2 expected trading days are missing.,
VRSN,2026-06-09,2026-07-20,30,28,2,2026-06-19;2026-07-03,0,0,,0,,93.333333,REVIEW,2 expected trading days are missing.,
VRT,2026-06-09,2026-07-20,30,28,2,2026-06-19;2026-07-03,0,0,,0,,93.333333,REVIEW,2 expected trading days are missing.,
VRTX,2026-06-09,2026-07-20,30,28,2,2026-06-19;2026-07-03,0,0,,0,,93.333333,REVIEW,2 expected trading days are missing.,
VST,2026-06-09,2026-07-20,30,28,2,2026-06-19;2026-07-03,0,0,,0,,93.333333,REVIEW,2 expected trading days are missing.,
VTI,2026-06-09,2026-07-20,30,28,2,2026-06-19;2026-07-03,0,0,,0,,93.333333,REVIEW,2 expected trading days are missing.,
VTR,2026-06-09,2026-07-20,30,28,2,2026-06-19;2026-07-03,0,0,,0,,93.333333,REVIEW,2 expected trading days are missing.,
VTRS,2026-06-09,2026-07-20,30,28,2,2026-06-19;2026-07-03,0,0,,0,,93.333333,REVIEW,2 expected trading days are missing.,
VTV,2026-06-09,2026-07-20,30,28,2,2026-06-19;2026-07-03,0,0,,0,,93.333333,REVIEW,2 expected trading days are missing.,
VUG,2026-06-09,2026-07-20,30,28,2,2026-06-19;2026-07-03,0,0,,0,,93.333333,REVIEW,2 expected trading days are missing.,
VWO,2026-06-09,2026-07-20,30,28,2,2026-06-19;2026-07-03,0,0,,0,,93.333333,REVIEW,2 expected trading days are missing.,
VYM,2026-06-09,2026-07-20,30,28,2,2026-06-19;2026-07-03,0,0,,0,,93.333333,REVIEW,2 expected trading days are missing.,
VZ,2026-06-09,2026-07-20,30,28,2,2026-06-19;2026-07-03,0,0,,0,,93.333333,REVIEW,2 expected trading days are missing.,
WAB,2026-06-09,2026-07-20,30,28,2,2026-06-19;2026-07-03,0,0,,0,,93.333333,REVIEW,2 expected trading days are missing.,
WAT,2026-06-09,2026-07-20,30,28,2,2026-06-19;2026-07-03,0,0,,0,,93.333333,REVIEW,2 expected trading days are missing.,
WBD,2026-06-09,2026-07-20,30,28,2,2026-06-19;2026-07-03,0,0,,0,,93.333333,REVIEW,2 expected trading days are missing.,
WDAY,2026-06-09,2026-07-20,30,28,2,2026-06-19;2026-07-03,0,0,,0,,93.333333,REVIEW,2 expected trading days are missing.,
WDC,2026-06-09,2026-07-20,30,28,2,2026-06-19;2026-07-03,0,0,,0,,93.333333,REVIEW,2 expected trading days are missing.,
WEC,2026-06-09,2026-07-20,30,28,2,2026-06-19;2026-07-03,0,0,,0,,93.333333,REVIEW,2 expected trading days are missing.,
WELL,2026-06-09,2026-07-20,30,28,2,2026-06-19;2026-07-03,0,0,,0,,93.333333,REVIEW,2 expected trading days are missing.,
WFC,2026-06-09,2026-07-20,30,28,2,2026-06-19;2026-07-03,0,0,,0,,93.333333,REVIEW,2 expected trading days are missing.,
WM,2026-06-09,2026-07-20,30,28,2,2026-06-19;2026-07-03,0,0,,0,,93.333333,REVIEW,2 expected trading days are missing.,
WMB,2026-06-09,2026-07-20,30,28,2,2026-06-19;2026-07-03,0,0,,0,,93.333333,REVIEW,2 expected trading days are missing.,
WMT,2026-06-09,2026-07-20,30,28,2,2026-06-19;2026-07-03,0,0,,0,,93.333333,REVIEW,2 expected trading days are missing.,
WRB,2026-06-09,2026-07-20,30,28,2,2026-06-19;2026-07-03,0,0,,0,,93.333333,REVIEW,2 expected trading days are missing.,
WSM,2026-06-09,2026-07-20,30,28,2,2026-06-19;2026-07-03,0,0,,0,,93.333333,REVIEW,2 expected trading days are missing.,
WST,2026-06-09,2026-07-20,30,28,2,2026-06-19;2026-07-03,0,0,,0,,93.333333,REVIEW,2 expected trading days are missing.,
WTW,2026-06-09,2026-07-20,30,28,2,2026-06-19;2026-07-03,0,0,,0,,93.333333,REVIEW,2 expected trading days are missing.,
WY,2026-06-09,2026-07-20,30,28,2,2026-06-19;2026-07-03,0,0,,0,,93.333333,REVIEW,2 expected trading days are missing.,
WYNN,2026-06-09,2026-07-20,30,28,2,2026-06-19;2026-07-03,0,0,,0,,93.333333,REVIEW,2 expected trading days are missing.,
XBI,2026-06-09,2026-07-20,30,28,2,2026-06-19;2026-07-03,0,0,,0,,93.333333,REVIEW,2 expected trading days are missing.,
XEL,2026-06-09,2026-07-20,30,28,2,2026-06-19;2026-07-03,0,0,,0,,93.333333,REVIEW,2 expected trading days are missing.,
XHB,2026-06-09,2026-07-20,30,28,2,2026-06-19;2026-07-03,0,0,,0,,93.333333,REVIEW,2 expected trading days are missing.,
XLB,2026-06-09,2026-07-20,30,28,2,2026-06-19;2026-07-03,0,0,,0,,93.333333,REVIEW,2 expected trading days are missing.,
XLC,2026-06-09,2026-07-20,30,28,2,2026-06-19;2026-07-03,0,0,,0,,93.333333,REVIEW,2 expected trading days are missing.,
XLE,2026-06-09,2026-07-20,30,28,2,2026-06-19;2026-07-03,0,0,,0,,93.333333,REVIEW,2 expected trading days are missing.,
XLF,2026-06-09,2026-07-20,30,28,2,2026-06-19;2026-07-03,0,0,,0,,93.333333,REVIEW,2 expected trading days are missing.,
XLI,2026-06-09,2026-07-20,30,28,2,2026-06-19;2026-07-03,0,0,,0,,93.333333,REVIEW,2 expected trading days are missing.,
XLK,2026-06-09,2026-07-20,30,28,2,2026-06-19;2026-07-03,0,0,,0,,93.333333,REVIEW,2 expected trading days are missing.,
XLP,2026-06-09,2026-07-20,30,28,2,2026-06-19;2026-07-03,0,0,,0,,93.333333,REVIEW,2 expected trading days are missing.,
XLRE,2026-06-09,2026-07-20,30,28,2,2026-06-19;2026-07-03,0,0,,0,,93.333333,REVIEW,2 expected trading days are missing.,
XLU,2026-06-09,2026-07-20,30,28,2,2026-06-19;2026-07-03,0,0,,0,,93.333333,REVIEW,2 expected trading days are missing.,
XLV,2026-06-09,2026-07-20,30,28,2,2026-06-19;2026-07-03,0,0,,0,,93.333333,REVIEW,2 expected trading days are missing.,
XLY,2026-06-09,2026-07-20,30,28,2,2026-06-19;2026-07-03,0,0,,0,,93.333333,REVIEW,2 expected trading days are missing.,
XOM,2026-06-09,2026-07-20,30,28,2,2026-06-19;2026-07-03,0,0,,0,,93.333333,REVIEW,2 expected trading days are missing.,
XOP,2026-06-09,2026-07-20,30,28,2,2026-06-19;2026-07-03,0,0,,0,,93.333333,REVIEW,2 expected trading days are missing.,
XPH,2026-06-09,2026-07-20,30,28,2,2026-06-19;2026-07-03,0,0,,0,,93.333333,REVIEW,2 expected trading days are missing.,
XRT,2026-06-09,2026-07-20,30,28,2,2026-06-19;2026-07-03,0,0,,0,,93.333333,REVIEW,2 expected trading days are missing.,
XYL,2026-06-09,2026-07-20,30,28,2,2026-06-19;2026-07-03,0,0,,0,,93.333333,REVIEW,2 expected trading days are missing.,
XYZ,2026-06-09,2026-07-20,30,28,2,2026-06-19;2026-07-03,0,0,,0,,93.333333,REVIEW,2 expected trading days are missing.,
YUM,2026-06-09,2026-07-20,30,28,2,2026-06-19;2026-07-03,0,0,,0,,93.333333,REVIEW,2 expected trading days are missing.,
ZBH,2026-06-09,2026-07-20,30,28,2,2026-06-19;2026-07-03,0,0,,0,,93.333333,REVIEW,2 expected trading days are missing.,
ZBRA,2026-06-09,2026-07-20,30,28,2,2026-06-19;2026-07-03,0,0,,0,,93.333333,REVIEW,2 expected trading days are missing.,
ZTS,2026-06-09,2026-07-20,30,28,2,2026-06-19;2026-07-03,0,0,,0,,93.333333,REVIEW,2 expected trading days are missing.,
